spice_area,pop_name,cca3,continent,pop_2022
Afghanistan,Afghanistan,AFG,Asia,41128771
Albania,Albania,ALB,Europe,2842321
Algeria,Algeria,DZA,Africa,44903225
Angola,Angola,AGO,Africa,35588987
Antigua and Barbuda,Antigua and Barbuda,ATG,North America,93763
Argentina,Argentina,ARG,South America,45510318
Armenia,Armenia,ARM,Asia,2780469
Australia,Australia,AUS,Oceania,26177413
Austria,Austria,AUT,Europe,8939617
Azerbaijan,Azerbaijan,AZE,Asia,10358074
Bahamas,Bahamas,BHS,North America,409984
Bahrain,Bahrain,BHR,Asia,1472233
Bangladesh,Bangladesh,BGD,Asia,171186372
Barbados,Barbados,BRB,North America,281635
Belarus,Belarus,BLR,Europe,9534954
Belgium,Belgium,BEL,Europe,11655930
Belize,Belize,BLZ,North America,405272
Benin,Benin,BEN,Africa,13352864
Bhutan,Bhutan,BTN,Asia,782455
Bolivia (Plurinational State of),Bolivia,BOL,South America,12224110
Bosnia and Herzegovina,Bosnia and Herzegovina,BIH,Europe,3233526
Botswana,Botswana,BWA,Africa,2630296
Brazil,Brazil,BRA,South America,215313498
Brunei Darussalam,Brunei,BRN,Asia,449002
Bulgaria,Bulgaria,BGR,Europe,6781953
Burkina Faso,Burkina Faso,BFA,Africa,22673762
Burundi,Burundi,BDI,Africa,12889576
Cabo Verde,Cape Verde,CPV,Africa,593149
Cambodia,Cambodia,KHM,Asia,16767842
Cameroon,Cameroon,CMR,Africa,27914536
Canada,Canada,CAN,North America,38454327
Central African Republic,Central African Republic,CAF,Africa,5579144
Chad,Chad,TCD,Africa,17723315
Chile,Chile,CHL,South America,19603733
"China, Hong Kong SAR",Hong Kong,HKG,Asia,7488865
"China, Macao SAR",Macau,MAC,Asia,695168
"China, Taiwan Province of",Taiwan,TWN,Asia,23893394
"China, mainland",China,CHN,Asia,1425887337
Colombia,Colombia,COL,South America,51874024
Comoros,Comoros,COM,Africa,836774
Congo,Republic of the Congo,COG,Africa,5970424
Cook Islands,Cook Islands,COK,Oceania,17011
Costa Rica,Costa Rica,CRI,North America,5180829
Croatia,Croatia,HRV,Europe,4030358
Cuba,Cuba,CUB,North America,11212191
Cyprus,Cyprus,CYP,Europe,1251488
Czechia,Czech Republic,CZE,Europe,10493986
Côte d'Ivoire,Ivory Coast,CIV,Africa,28160542
Democratic People's Republic of Korea,North Korea,PRK,Asia,26069416
Democratic Republic of the Congo,DR Congo,COD,Africa,99010212
Denmark,Denmark,DNK,Europe,5882261
Djibouti,Djibouti,DJI,Africa,1120849
Dominica,Dominica,DMA,North America,72737
Dominican Republic,Dominican Republic,DOM,North America,11228821
Ecuador,Ecuador,ECU,South America,18001000
Egypt,Egypt,EGY,Africa,110990103
El Salvador,El Salvador,SLV,North America,6336392
Equatorial Guinea,Equatorial Guinea,GNQ,Africa,1674908
Eritrea,Eritrea,ERI,Africa,3684032
Estonia,Estonia,EST,Europe,1326062
Eswatini,Eswatini,SWZ,Africa,1201670
Ethiopia,Ethiopia,ETH,Africa,123379924
Faroe Islands,Faroe Islands,FRO,Europe,53090
Fiji,Fiji,FJI,Oceania,929766
Finland,Finland,FIN,Europe,5540745
France,France,FRA,Europe,64626628
French Polynesia,French Polynesia,PYF,Oceania,306279
Gabon,Gabon,GAB,Africa,2388992
Gambia,Gambia,GMB,Africa,2705992
Georgia,Georgia,GEO,Asia,3744385
Germany,Germany,DEU,Europe,83369843
Ghana,Ghana,GHA,Africa,33475870
Greece,Greece,GRC,Europe,10384971
Grenada,Grenada,GRD,North America,125438
Guatemala,Guatemala,GTM,North America,17843908
Guinea,Guinea,GIN,Africa,13859341
Guinea-Bissau,Guinea-Bissau,GNB,Africa,2105566
Guyana,Guyana,GUY,South America,808726
Haiti,Haiti,HTI,North America,11584996
Honduras,Honduras,HND,North America,10432860
Hungary,Hungary,HUN,Europe,9967308
Iceland,Iceland,ISL,Europe,372899
India,India,IND,Asia,1417173173
Indonesia,Indonesia,IDN,Asia,275501339
Iran (Islamic Republic of),Iran,IRN,Asia,88550570
Iraq,Iraq,IRQ,Asia,44496122
Ireland,Ireland,IRL,Europe,5023109
Israel,Israel,ISR,Asia,9038309
Italy,Italy,ITA,Europe,59037474
Jamaica,Jamaica,JAM,North America,2827377
Japan,Japan,JPN,Asia,123951692
Jordan,Jordan,JOR,Asia,11285869
Kazakhstan,Kazakhstan,KAZ,Asia,19397998
Kenya,Kenya,KEN,Africa,54027487
Kiribati,Kiribati,KIR,Oceania,131232
Kuwait,Kuwait,KWT,Asia,4268873
Kyrgyzstan,Kyrgyzstan,KGZ,Asia,6630623
Lao People's Democratic Republic,Laos,LAO,Asia,7529475
Latvia,Latvia,LVA,Europe,1850651
Lebanon,Lebanon,LBN,Asia,5489739
Lesotho,Lesotho,LSO,Africa,2305825
Liberia,Liberia,LBR,Africa,5302681
Libya,Libya,LBY,Africa,6812341
Lithuania,Lithuania,LTU,Europe,2750055
Luxembourg,Luxembourg,LUX,Europe,647599
Madagascar,Madagascar,MDG,Africa,29611714
Malawi,Malawi,MWI,Africa,20405317
Malaysia,Malaysia,MYS,Asia,33938221
Maldives,Maldives,MDV,Asia,523787
Mali,Mali,MLI,Africa,22593590
Malta,Malta,MLT,Europe,533286
Mauritania,Mauritania,MRT,Africa,4736139
Mauritius,Mauritius,MUS,Africa,1299469
Mexico,Mexico,MEX,North America,127504125
Mongolia,Mongolia,MNG,Asia,3398366
Montenegro,Montenegro,MNE,Europe,627082
Morocco,Morocco,MAR,Africa,37457971
Mozambique,Mozambique,MOZ,Africa,32969517
Myanmar,Myanmar,MMR,Asia,54179306
Namibia,Namibia,NAM,Africa,2567012
Nauru,Nauru,NRU,Oceania,12668
Nepal,Nepal,NPL,Asia,30547580
Netherlands (Kingdom of the),Netherlands,NLD,Europe,17564014
New Caledonia,New Caledonia,NCL,Oceania,289950
New Zealand,New Zealand,NZL,Oceania,5185288
Nicaragua,Nicaragua,NIC,North America,6948392
Niger,Niger,NER,Africa,26207977
Nigeria,Nigeria,NGA,Africa,218541212
Niue,Niue,NIU,Oceania,1934
North Macedonia,North Macedonia,MKD,Europe,2093599
Norway,Norway,NOR,Europe,5434319
Oman,Oman,OMN,Asia,4576298
Pakistan,Pakistan,PAK,Asia,235824862
Palestine,Palestine,PSE,Asia,5250072
Panama,Panama,PAN,North America,4408581
Papua New Guinea,Papua New Guinea,PNG,Oceania,10142619
Paraguay,Paraguay,PRY,South America,6780744
Peru,Peru,PER,South America,34049588
Philippines,Philippines,PHL,Asia,115559009
Poland,Poland,POL,Europe,39857145
Portugal,Portugal,PRT,Europe,10270865
Qatar,Qatar,QAT,Asia,2695122
Republic of Korea,South Korea,KOR,Asia,51815810
Republic of Moldova,Moldova,MDA,Europe,3272996
Romania,Romania,ROU,Europe,19659267
Russian Federation,Russia,RUS,Europe,144713314
Rwanda,Rwanda,RWA,Africa,13776698
Saint Kitts and Nevis,Saint Kitts and Nevis,KNA,North America,47657
Saint Lucia,Saint Lucia,LCA,North America,179857
Saint Vincent and the Grenadines,Saint Vincent and the Grenadines,VCT,North America,103948
Samoa,Samoa,WSM,Oceania,222382
Sao Tome and Principe,Sao Tome and Principe,STP,Africa,227380
Saudi Arabia,Saudi Arabia,SAU,Asia,36408820
Senegal,Senegal,SEN,Africa,17316449
Serbia,Serbia,SRB,Europe,7221365
Seychelles,Seychelles,SYC,Africa,107118
Sierra Leone,Sierra Leone,SLE,Africa,8605718
Singapore,Singapore,SGP,Asia,5975689
Slovakia,Slovakia,SVK,Europe,5643453
Slovenia,Slovenia,SVN,Europe,2119844
Solomon Islands,Solomon Islands,SLB,Oceania,724273
Somalia,Somalia,SOM,Africa,17597511
South Africa,South Africa,ZAF,Africa,59893885
South Sudan,South Sudan,SSD,Africa,10913164
Spain,Spain,ESP,Europe,47558630
Sri Lanka,Sri Lanka,LKA,Asia,21832143
Sudan,Sudan,SDN,Africa,46874204
Suriname,Suriname,SUR,South America,618040
Sweden,Sweden,SWE,Europe,10549347
Switzerland,Switzerland,CHE,Europe,8740472
Syrian Arab Republic,Syria,SYR,Asia,22125249
Tajikistan,Tajikistan,TJK,Asia,9952787
Thailand,Thailand,THA,Asia,71697030
Timor-Leste,Timor-Leste,TLS,Asia,1341296
Togo,Togo,TGO,Africa,8848699
Tonga,Tonga,TON,Oceania,106858
Trinidad and Tobago,Trinidad and Tobago,TTO,North America,1531044
Tunisia,Tunisia,TUN,Africa,12356117
Turkmenistan,Turkmenistan,TKM,Asia,6430770
Tuvalu,Tuvalu,TUV,Oceania,11312
Türkiye,Turkey,TUR,Asia,85341241
Uganda,Uganda,UGA,Africa,47249585
Ukraine,Ukraine,UKR,Europe,39701739
United Arab Emirates,United Arab Emirates,ARE,Asia,9441129
United Kingdom of Great Britain and Northern Ireland,United Kingdom,GBR,Europe,67508936
United Republic of Tanzania,Tanzania,TZA,Africa,65497748
United States of America,United States,USA,North America,338289857
Uruguay,Uruguay,URY,South America,3422794
Uzbekistan,Uzbekistan,UZB,Asia,34627652
Vanuatu,Vanuatu,VUT,Oceania,326740
Venezuela (Bolivarian Republic of),Venezuela,VEN,South America,28301696
Viet Nam,Vietnam,VNM,Asia,98186856
Yemen,Yemen,YEM,Asia,33696614
Zambia,Zambia,ZMB,Africa,20017675
Zimbabwe,Zimbabwe,ZWE,Africa,16320537
