spice,year,world_production
Anise/Cumin/Coriander,1993,407127.99
Anise/Cumin/Coriander,1994,300199.2
Anise/Cumin/Coriander,1995,307668.69
Anise/Cumin/Coriander,1996,331949.76
Anise/Cumin/Coriander,1997,369535.04
Anise/Cumin/Coriander,1998,432930.63
Anise/Cumin/Coriander,1999,402414.52
Anise/Cumin/Coriander,2000,383839.6
Anise/Cumin/Coriander,2001,482084.95
Anise/Cumin/Coriander,2002,496941.25
Anise/Cumin/Coriander,2003,570468.11
Anise/Cumin/Coriander,2004,563850.22
Anise/Cumin/Coriander,2005,551848.23
Anise/Cumin/Coriander,2006,581433.22
Anise/Cumin/Coriander,2007,686806.47
Anise/Cumin/Coriander,2008,711298.5
Anise/Cumin/Coriander,2009,722930.15
Anise/Cumin/Coriander,2010,822923.45
Anise/Cumin/Coriander,2011,947017.18
Anise/Cumin/Coriander,2012,917403.12
Anise/Cumin/Coriander,2013,901290.42
Anise/Cumin/Coriander,2014,1010588.15
Anise/Cumin/Coriander,2015,1104250.25
Anise/Cumin/Coriander,2016,1216086.69
Anise/Cumin/Coriander,2017,2153869.46
Anise/Cumin/Coriander,2018,2010396.82
Anise/Cumin/Coriander,2019,2205061.71
Anise/Cumin/Coriander,2020,2582210.2
Anise/Cumin/Coriander,2021,2723323.86
Anise/Cumin/Coriander,2022,2735250.59
Anise/Cumin/Coriander,2023,2830015.64
Chillies (dry),1993,1728401.43
Chillies (dry),1994,1696192.65
Chillies (dry),1995,1771470.02
Chillies (dry),1996,2067134.53
Chillies (dry),1997,1930158.21
Chillies (dry),1998,2122378.57
Chillies (dry),1999,2220254.38
Chillies (dry),2000,2310824.37
Chillies (dry),2001,2315009.43
Chillies (dry),2002,2193661.49
Chillies (dry),2003,2560943.77
Chillies (dry),2004,2556929.47
Chillies (dry),2005,2526119.5
Chillies (dry),2006,2648580.12
Chillies (dry),2007,2767208.6
Chillies (dry),2008,2845297.3
Chillies (dry),2009,2817353.37
Chillies (dry),2010,2857215.45
Chillies (dry),2011,2965843.63
Chillies (dry),2012,3151129.39
Chillies (dry),2013,3359525.73
Chillies (dry),2014,3700082.97
Chillies (dry),2015,3992633.29
Chillies (dry),2016,3947085.27
Chillies (dry),2017,4498660.76
Chillies (dry),2018,4596473.07
Chillies (dry),2019,4185132.49
Chillies (dry),2020,4343426.96
Chillies (dry),2021,4853913.88
Chillies (dry),2022,4829440.46
Chillies (dry),2023,5821857.76
Chillies (green),1993,9986373.04
Chillies (green),1994,10734347.45
Chillies (green),1995,11888078.15
Chillies (green),1996,13956676.27
Chillies (green),1997,14910533.7
Chillies (green),1998,16283455.83
Chillies (green),1999,17589001.69
Chillies (green),2000,19175049.27
Chillies (green),2001,19941808.04
Chillies (green),2002,21612645.33
Chillies (green),2003,23502116.06
Chillies (green),2004,23803537.33
Chillies (green),2005,24478598.91
Chillies (green),2006,25653744.67
Chillies (green),2007,26314238.57
Chillies (green),2008,27145143.01
Chillies (green),2009,27713145.19
Chillies (green),2010,28788870.14
Chillies (green),2011,29310852.6
Chillies (green),2012,30061210.34
Chillies (green),2013,30982883.14
Chillies (green),2014,15069070.29
Chillies (green),2015,15176909.19
Chillies (green),2016,31094534.23
Chillies (green),2017,32229085.85
Chillies (green),2018,34638414.32
Chillies (green),2019,34666623.39
Chillies (green),2020,33805885.67
Chillies (green),2021,36065365.49
Chillies (green),2022,35713801.7
Chillies (green),2023,34402413.89
Cinnamon,1993,73407.0
Cinnamon,1994,73728.0
Cinnamon,1995,81064.0
Cinnamon,1996,85587.92
Cinnamon,1997,85193.77
Cinnamon,1998,90426.0
Cinnamon,1999,91940.68
Cinnamon,2000,101209.0
Cinnamon,2001,99939.38
Cinnamon,2002,110666.75
Cinnamon,2003,132615.84
Cinnamon,2004,171992.48
Cinnamon,2005,175393.33
Cinnamon,2006,183878.63
Cinnamon,2007,190045.08
Cinnamon,2008,191866.41
Cinnamon,2009,200828.88
Cinnamon,2010,190688.96
Cinnamon,2011,198655.83
Cinnamon,2012,203851.27
Cinnamon,2013,208582.27
Cinnamon,2014,212830.99
Cinnamon,2015,213254.18
Cinnamon,2016,210314.8
Cinnamon,2017,211379.89
Cinnamon,2018,222127.0
Cinnamon,2019,223127.67
Cinnamon,2020,211307.6
Cinnamon,2021,242804.28
Cinnamon,2022,237264.67
Cinnamon,2023,238403.15
Cloves,1993,71487.28
Cloves,1994,85443.31
Cloves,1995,93878.0
Cloves,1996,72661.07
Cloves,1997,65193.66
Cloves,1998,77131.23
Cloves,1999,65513.21
Cloves,2000,71635.18
Cloves,2001,85316.6
Cloves,2002,92746.89
Cloves,2003,131108.64
Cloves,2004,88952.15
Cloves,2005,93683.89
Cloves,2006,86310.78
Cloves,2007,105795.3
Cloves,2008,96627.98
Cloves,2009,108145.59
Cloves,2010,125002.79
Cloves,2011,100456.42
Cloves,2012,129072.37
Cloves,2013,140899.71
Cloves,2014,38518.29
Cloves,2015,158448.97
Cloves,2016,159640.93
Cloves,2017,157627.94
Cloves,2018,172465.16
Cloves,2019,187439.07
Cloves,2020,188891.77
Cloves,2021,177787.81
Cloves,2022,186611.45
Cloves,2023,185691.16
Ginger,1993,651020.83
Ginger,1994,601285.08
Ginger,1995,745109.71
Ginger,1996,856234.08
Ginger,1997,887208.54
Ginger,1998,971204.41
Ginger,1999,1014460.08
Ginger,2000,1045187.5
Ginger,2001,1139766.45
Ginger,2002,1215541.63
Ginger,2003,1273622.24
Ginger,2004,1255804.59
Ginger,2005,1392672.09
Ginger,2006,1498345.3
Ginger,2007,1608229.73
Ginger,2008,1623516.84
Ginger,2009,1669181.23
Ginger,2010,1718055.26
Ginger,2011,2414632.75
Ginger,2012,2491348.89
Ginger,2013,2462089.06
Ginger,2014,2299511.34
Ginger,2015,2758535.38
Ginger,2016,3593782.25
Ginger,2017,3505813.85
Ginger,2018,4069340.07
Ginger,2019,4123679.22
Ginger,2020,4308419.97
Ginger,2021,4840415.71
Ginger,2022,4850142.69
Ginger,2023,4861254.35
Nutmeg/Mace/Cardamom,1993,57903.46
Nutmeg/Mace/Cardamom,1994,53130.4
Nutmeg/Mace/Cardamom,1995,54603.07
Nutmeg/Mace/Cardamom,1996,61270.59
Nutmeg/Mace/Cardamom,1997,65170.3
Nutmeg/Mace/Cardamom,1998,55693.18
Nutmeg/Mace/Cardamom,1999,48273.91
Nutmeg/Mace/Cardamom,2000,60278.74
Nutmeg/Mace/Cardamom,2001,65385.5
Nutmeg/Mace/Cardamom,2002,75325.57
Nutmeg/Mace/Cardamom,2003,80993.66
Nutmeg/Mace/Cardamom,2004,73614.45
Nutmeg/Mace/Cardamom,2005,76269.14
Nutmeg/Mace/Cardamom,2006,80007.79
Nutmeg/Mace/Cardamom,2007,75680.06
Nutmeg/Mace/Cardamom,2008,84992.32
Nutmeg/Mace/Cardamom,2009,67115.65
Nutmeg/Mace/Cardamom,2010,62783.43
Nutmeg/Mace/Cardamom,2011,70358.66
Nutmeg/Mace/Cardamom,2012,88279.93
Nutmeg/Mace/Cardamom,2013,93984.57
Nutmeg/Mace/Cardamom,2014,106032.38
Nutmeg/Mace/Cardamom,2015,105398.46
Nutmeg/Mace/Cardamom,2016,119667.84
Nutmeg/Mace/Cardamom,2017,126490.28
Nutmeg/Mace/Cardamom,2018,139081.16
Nutmeg/Mace/Cardamom,2019,144475.24
Nutmeg/Mace/Cardamom,2020,150897.67
Nutmeg/Mace/Cardamom,2021,176446.62
Nutmeg/Mace/Cardamom,2022,202293.43
Nutmeg/Mace/Cardamom,2023,219153.24
Pepper,1993,230440.16
Pepper,1994,211326.81
Pepper,1995,226228.33
Pepper,1996,227889.29
Pepper,1997,206187.16
Pepper,1998,232497.61
Pepper,1999,267494.76
Pepper,2000,267583.86
Pepper,2001,305408.5
Pepper,2002,322392.18
Pepper,2003,337179.89
Pepper,2004,336541.41
Pepper,2005,348611.57
Pepper,2006,371212.57
Pepper,2007,352380.34
Pepper,2008,325455.08
Pepper,2009,326192.91
Pepper,2010,321871.75
Pepper,2011,318045.79
Pepper,2012,425920.77
Pepper,2013,466273.31
Pepper,2014,504510.82
Pepper,2015,560884.25
Pepper,2016,623177.71
Pepper,2017,697439.51
Pepper,2018,828316.23
Pepper,2019,830989.2
Pepper,2020,852767.39
Pepper,2021,868378.53
Pepper,2022,866026.41
Pepper,2023,855105.11
Vanilla,1993,2397.74
Vanilla,1994,2461.97
Vanilla,1995,2733.72
Vanilla,1996,3804.88
Vanilla,1997,3649.82
Vanilla,1998,4194.13
Vanilla,1999,4105.59
Vanilla,2000,3768.54
Vanilla,2001,4544.9
Vanilla,2002,5247.08
Vanilla,2003,4764.31
Vanilla,2004,5784.55
Vanilla,2005,7445.5
Vanilla,2006,9006.96
Vanilla,2007,9327.46
Vanilla,2008,9301.74
Vanilla,2009,9216.46
Vanilla,2010,8334.92
Vanilla,2011,8687.15
Vanilla,2012,8145.38
Vanilla,2013,7698.75
Vanilla,2014,6822.65
Vanilla,2015,7004.63
Vanilla,2016,7535.15
Vanilla,2017,7399.53
Vanilla,2018,7462.06
Vanilla,2019,6794.07
Vanilla,2020,6287.18
Vanilla,2021,6418.75
Vanilla,2022,6686.67
Vanilla,2023,6921.65
