area,cca3,continent,production,import,export,consumption,import_dependence_pct,self_sufficiency_pct
India,IND,Asia,7063244.1,228432.6,856394.4,6435282.4,3.5,109.8
Bangladesh,BGD,Asia,746559.0,203005.7,2869.9,946694.9,21.4,78.9
Nigeria,NGA,Africa,846258.8,3153.2,54473.9,794938.0,0.4,106.5
"China, mainland",CHN,Asia,1178311.8,286338.0,698642.5,766007.2,37.4,153.8
Thailand,THA,Asia,503405.0,109493.3,101695.4,511202.8,21.4,98.5
Indonesia,IDN,Asia,505056.1,102160.7,144027.0,463189.9,22.1,109.0
Nepal,NPL,Asia,405199.2,25897.2,27441.3,403655.1,6.4,100.4
United States of America,USA,North America,661.8,428600.3,30609.7,398652.4,107.5,0.2
Türkiye,TUR,Asia,357579.8,40207.8,26536.8,371250.7,10.8,96.3
Ethiopia,ETH,Africa,317436.3,2911.5,2053.1,318294.7,0.9,99.7
Viet Nam,VNM,Asia,441685.7,72390.5,278233.7,235842.5,30.7,187.3
Pakistan,PAK,Asia,109620.0,131815.8,9744.1,231691.7,56.9,47.3
Mexico,MEX,North America,191747.9,71444.7,51565.6,211627.0,33.8,90.6
Malaysia,MYS,Asia,52638.9,140012.5,11721.8,180929.7,77.4,29.1
Sri Lanka,LKA,Asia,137048.0,62462.3,43081.4,156428.9,39.9,87.6
Benin,BEN,Africa,134303.5,1905.2,3.0,136205.6,1.4,98.6
Japan,JPN,Asia,45032.8,86361.6,314.3,131080.1,65.9,34.4
Côte d'Ivoire,CIV,Africa,138713.2,1186.5,11955.5,127944.3,0.9,108.4
Myanmar,MMR,Asia,151787.0,3661.0,34196.2,121251.9,3.0,125.2
Ghana,GHA,Africa,113219.2,2513.4,203.0,115529.7,2.2,98.0
Cameroon,CMR,Africa,94648.6,224.3,214.0,94659.0,0.2,100.0
Egypt,EGY,Africa,94395.6,30025.7,37999.8,86421.5,34.7,109.2
Burkina Faso,BFA,Africa,73836.2,890.3,115.4,74611.1,1.2,99.0
Morocco,MAR,Africa,56298.7,24980.3,7752.3,73526.7,34.0,76.6
Saudi Arabia,SAU,Asia,0.0,83306.9,10964.4,72342.6,115.2,0.0
United Kingdom of Great Britain and Northern Ireland,GBR,Europe,0.0,72155.0,4724.5,67430.5,107.0,0.0
Iraq,IRQ,Asia,49128.6,13390.1,49.3,62469.5,21.4,78.6
Iran (Islamic Republic of),IRN,Asia,65507.1,17726.5,20962.2,62271.4,28.5,105.2
Germany,DEU,Europe,0.0,100147.8,39468.8,60678.9,165.0,0.0
Republic of Korea,KOR,Asia,26012.0,35176.3,3764.9,57423.4,61.3,45.3
Canada,CAN,North America,12427.0,48261.9,7998.6,52690.4,91.6,23.6
Guyana,GUY,South America,51511.9,597.8,100.8,52008.9,1.1,99.0
Guatemala,GTM,North America,98105.1,6897.1,55030.9,49971.3,13.8,196.3
Mali,MLI,Africa,41207.7,4655.4,729.8,45133.3,10.3,91.3
Netherlands (Kingdom of the),NLD,Europe,0.0,124021.6,80134.4,43887.1,282.6,0.0
United Arab Emirates,ARE,Asia,0.0,147057.7,107211.6,39846.1,369.1,0.0
South Africa,ZAF,Africa,18043.1,24915.7,3728.2,39230.6,63.5,46.0
Philippines,PHL,Asia,30043.6,9110.8,30.0,39124.4,23.3,76.8
Niger,NER,Africa,36764.8,981.1,124.8,37621.1,2.6,97.7
Democratic Republic of the Congo,COD,Africa,36688.1,226.2,137.1,36777.2,0.6,99.8
Syrian Arab Republic,SYR,Asia,49574.8,7250.1,20550.0,36274.9,20.0,136.7
"China, Taiwan Province of",TWN,Asia,24433.2,12371.8,1743.8,35061.1,35.3,69.7
Algeria,DZA,Africa,15405.2,18090.6,45.9,33449.8,54.1,46.1
Brazil,BRA,South America,126548.0,19773.7,115621.4,30700.3,64.4,412.2
Tunisia,TUN,Africa,31679.1,8274.8,12059.8,27894.2,29.7,113.6
Russian Federation,RUS,Europe,84220.5,20141.3,76539.1,27822.7,72.4,302.7
Kenya,KEN,Africa,25225.4,3780.0,2316.8,26688.6,14.2,94.5
Bosnia and Herzegovina,BIH,Europe,25069.1,986.5,609.9,25445.7,3.9,98.5
Kazakhstan,KAZ,Asia,440.5,25087.3,433.6,25094.2,100.0,1.8
Yemen,YEM,Asia,0.0,25153.0,160.6,24992.4,100.6,0.0
France,FRA,Europe,0.0,34761.6,10163.2,24598.4,141.3,0.0
Tajikistan,TJK,Asia,23273.4,747.4,70.0,23950.7,3.1,97.2
Zimbabwe,ZWE,Africa,23815.5,109.2,2222.5,21702.1,0.5,109.7
Jamaica,JAM,North America,20504.0,1424.0,382.3,21545.7,6.6,95.2
Lao People's Democratic Republic,LAO,Asia,21709.9,1172.4,2951.4,19930.9,5.9,108.9
Australia,AUS,Oceania,6069.0,14381.2,919.0,19531.2,73.6,31.1
Singapore,SGP,Asia,0.0,31092.6,12829.5,18263.1,170.2,0.0
Poland,POL,Europe,0.0,29204.9,13057.2,16147.7,180.9,0.0
Sudan,SDN,Africa,10520.1,5577.3,488.8,15608.5,35.7,67.4
Cambodia,KHM,Asia,15864.5,450.4,1286.5,15028.4,3.0,105.6
Oman,OMN,Asia,0.0,14964.5,863.5,14101.0,106.1,0.0
United Republic of Tanzania,TZA,Africa,18883.8,1263.8,6597.5,13550.1,9.3,139.4
Kuwait,KWT,Asia,0.0,13702.5,775.9,12926.6,106.0,0.0
Qatar,QAT,Asia,0.0,12799.1,12.3,12786.7,100.1,0.0
Argentina,ARG,South America,10760.0,5955.2,5378.9,11336.3,52.5,94.9
Afghanistan,AFG,Asia,17908.6,5217.5,12217.1,10909.0,47.8,164.2
Senegal,SEN,Africa,5039.7,5688.3,33.8,10694.2,53.2,47.1
Libya,LBY,Africa,1270.0,8533.1,2.3,9800.8,87.1,13.0
Austria,AUT,Europe,0.0,14172.7,5945.9,8226.8,172.3,0.0
South Sudan,SSD,Africa,6933.1,1232.2,0.6,8164.7,15.1,84.9
Sweden,SWE,Europe,0.0,9304.1,1453.1,7851.0,118.5,0.0
Ukraine,UKR,Europe,2460.0,6959.2,2349.1,7070.1,98.4,34.8
Czechia,CZE,Europe,0.0,11607.1,4728.6,6878.5,168.7,0.0
Switzerland,CHE,Europe,0.0,7186.6,406.2,6780.4,106.0,0.0
Israel,ISR,Asia,0.0,7940.5,1855.8,6084.7,130.5,0.0
Somalia,SOM,Africa,0.0,5793.3,0.5,5792.8,100.0,0.0
Panama,PAN,North America,5018.0,865.0,118.9,5764.1,15.0,87.1
Bahrain,BHR,Asia,0.0,5941.4,260.4,5681.0,104.6,0.0
Romania,ROU,Europe,0.0,8391.9,2902.7,5489.2,152.9,0.0
North Macedonia,MKD,Europe,5262.7,1221.6,1092.6,5391.7,22.7,97.6
Serbia,SRB,Europe,5282.4,1936.7,2019.0,5200.1,37.2,101.6
Chile,CHL,South America,0.0,5288.9,627.3,4661.7,113.5,0.0
Denmark,DNK,Europe,0.0,5777.3,1182.1,4595.2,125.7,0.0
Togo,TGO,Africa,3616.4,937.4,18.2,4535.6,20.7,79.7
Belgium,BEL,Europe,0.0,11239.3,6791.9,4447.4,252.7,0.0
Greece,GRC,Europe,0.0,4913.8,495.6,4418.2,111.2,0.0
Sierra Leone,SLE,Africa,4294.9,19.5,0.7,4313.7,0.5,99.6
New Zealand,NZL,Oceania,0.0,4284.4,107.9,4176.4,102.6,0.0
Portugal,PRT,Europe,0.0,4764.9,610.1,4154.8,114.7,0.0
Hungary,HUN,Europe,0.0,6689.8,2667.4,4022.4,166.3,0.0
Bhutan,BTN,Asia,4481.3,336.9,850.8,3967.4,8.5,113.0
Dominican Republic,DOM,North America,199.7,4111.3,568.5,3742.5,109.9,5.3
Ireland,IRL,Europe,0.0,3838.9,118.1,3720.8,103.2,0.0
Kyrgyzstan,KGZ,Asia,1190.5,2775.5,268.2,3697.8,75.1,32.2
"China, Hong Kong SAR",HKG,Asia,0.0,4267.2,731.7,3535.5,120.7,0.0
Jordan,JOR,Asia,0.0,8789.2,5269.1,3520.1,249.7,0.0
Costa Rica,CRI,North America,5557.1,2135.0,4374.9,3317.1,64.4,167.5
Lebanon,LBN,Asia,393.7,3237.1,398.0,3232.8,100.1,12.2
Democratic People's Republic of Korea,PRK,Asia,0.0,3180.8,0.0,3180.8,100.0,0.0
Mauritius,MUS,Africa,1758.0,1317.1,55.0,3020.1,43.6,58.2
Brunei Darussalam,BRN,Asia,28.6,2899.2,7.7,2920.1,99.3,1.0
Norway,NOR,Europe,0.0,2898.3,7.7,2890.6,100.3,0.0
Spain,ESP,Europe,0.0,99453.2,96585.7,2867.5,3468.3,0.0
Slovakia,SVK,Europe,0.0,3906.3,1231.7,2674.6,146.1,0.0
Uganda,UGA,Africa,7155.2,296.5,4834.6,2617.0,11.3,273.4
Croatia,HRV,Europe,0.0,3266.7,850.4,2416.3,135.2,0.0
Trinidad and Tobago,TTO,North America,332.1,2040.6,94.2,2278.4,89.6,14.6
Rwanda,RWA,Africa,2820.1,54.6,654.5,2220.3,2.5,127.0
Malawi,MWI,Africa,1879.0,719.8,390.4,2208.4,32.6,85.1
Maldives,MDV,Asia,10.2,2010.4,0.0,2020.7,99.5,0.5
Colombia,COL,South America,0.0,4929.1,3075.6,1853.5,265.9,0.0
"China, Macao SAR",MAC,Asia,222.3,1599.6,0.0,1821.9,87.8,12.2
Ecuador,ECU,South America,3468.2,2784.2,4435.0,1817.4,153.2,190.8
Cabo Verde,CPV,Africa,1524.5,103.4,0.5,1627.4,6.4,93.7
Georgia,GEO,Asia,0.0,1739.9,113.3,1626.6,107.0,0.0
Azerbaijan,AZE,Asia,0.0,1616.5,0.0,1616.4,100.0,0.0
Slovenia,SVN,Europe,0.0,3613.6,2123.4,1490.2,242.5,0.0
Belarus,BLR,Europe,0.0,1450.8,2.1,1448.7,100.1,0.0
Djibouti,DJI,Africa,546.0,2378.5,1562.6,1361.9,174.6,40.1
El Salvador,SLV,North America,0.0,1435.0,85.1,1349.9,106.3,0.0
Finland,FIN,Europe,0.0,2292.7,1171.4,1121.4,204.5,0.0
Mauritania,MRT,Africa,0.0,1049.1,17.5,1031.6,101.7,0.0
Bolivia (Plurinational State of),BOL,South America,27.2,1194.2,263.1,958.3,124.6,2.8
Armenia,ARM,Asia,0.0,942.8,26.8,916.0,102.9,0.0
Uruguay,URY,South America,0.0,924.7,17.3,907.3,101.9,0.0
Fiji,FJI,Oceania,117.0,786.2,47.7,855.5,91.9,13.7
Estonia,EST,Europe,0.0,1778.3,984.1,794.2,223.9,0.0
Cyprus,CYP,Europe,0.0,787.6,0.3,787.4,100.0,0.0
Paraguay,PRY,South America,0.0,764.1,0.1,764.0,100.0,0.0
Grenada,GRD,North America,1161.0,72.8,549.4,684.4,10.6,169.6
Venezuela (Bolivarian Republic of),VEN,South America,0.0,673.7,1.2,672.6,100.2,0.0
Republic of Moldova,MDA,Europe,0.0,659.5,10.0,649.5,101.5,0.0
Burundi,BDI,Africa,0.0,602.3,0.2,602.1,100.0,0.0
Namibia,NAM,Africa,470.5,451.0,373.2,548.3,82.3,85.8
Seychelles,SYC,Africa,0.0,576.0,34.1,541.9,106.3,0.0
Cuba,CUB,North America,0.0,520.7,7.4,513.2,101.4,0.0
Papua New Guinea,PNG,Oceania,606.9,27.6,152.9,481.7,5.7,126.0
Bahamas,BHS,North America,0.0,443.8,0.0,443.8,100.0,0.0
Barbados,BRB,North America,0.0,402.4,0.2,402.2,100.0,0.0
Haiti,HTI,North America,0.0,428.4,29.0,399.4,107.3,0.0
Guinea,GIN,Africa,0.0,387.4,5.3,382.1,101.4,0.0
Lesotho,LSO,Africa,0.0,346.0,0.1,345.9,100.0,0.0
Albania,ALB,Europe,0.0,1215.4,902.4,313.1,388.3,0.0
Palestine,PSE,Asia,174.8,142.9,5.4,312.3,45.8,56.0
Malta,MLT,Europe,0.0,280.2,0.0,280.2,100.0,0.0
Suriname,SUR,South America,0.0,279.3,0.0,279.3,100.0,0.0
Angola,AGO,Africa,0.0,270.6,0.1,270.5,100.0,0.0
Iceland,ISL,Europe,0.0,264.2,1.8,262.4,100.7,0.0
Luxembourg,LUX,Europe,0.0,273.8,25.7,248.1,110.4,0.0
Turkmenistan,TKM,Asia,0.0,240.8,0.0,240.8,100.0,0.0
Central African Republic,CAF,Africa,118.6,112.8,0.0,231.4,48.8,51.2
Botswana,BWA,Africa,0.0,220.4,1.0,219.3,100.5,0.0
Montenegro,MNE,Europe,0.0,433.5,221.0,212.6,203.9,0.0
Antigua and Barbuda,ATG,North America,0.0,206.5,0.0,206.5,100.0,0.0
Tonga,TON,Oceania,196.0,7.7,0.6,203.1,3.8,96.5
Liberia,LBR,Africa,0.0,195.0,0.0,195.0,100.0,0.0
Chad,TCD,Africa,0.0,192.2,0.0,192.2,100.0,0.0
Vanuatu,VUT,Oceania,181.7,4.7,0.4,186.0,2.5,97.7
French Polynesia,PYF,Oceania,144.3,39.6,10.9,172.9,22.9,83.4
Gambia,GMB,Africa,0.0,146.1,6.4,139.7,104.6,0.0
Congo,COG,Africa,0.0,136.3,0.3,136.0,100.2,0.0
Timor-Leste,TLS,Asia,124.3,65.7,54.9,135.1,48.6,92.0
Mongolia,MNG,Asia,0.0,121.7,4.1,117.6,103.5,0.0
Belize,BLZ,North America,81.0,46.9,38.3,89.5,52.4,90.5
Gabon,GAB,Africa,0.0,73.3,0.0,73.3,100.0,0.0
New Caledonia,NCL,Oceania,0.0,66.2,0.4,65.8,100.7,0.0
Eswatini,SWZ,Africa,0.0,65.1,0.5,64.6,100.7,0.0
Saint Lucia,LCA,North America,34.0,32.8,18.6,48.2,68.0,70.5
Sao Tome and Principe,STP,Africa,57.7,8.2,19.7,46.2,17.8,124.9
Nicaragua,NIC,North America,0.0,494.8,450.8,44.0,1125.6,0.0
Solomon Islands,SLB,Oceania,0.0,24.9,0.0,24.9,100.0,0.0
Faroe Islands,FRO,Europe,0.0,21.4,0.6,20.9,102.6,0.0
Samoa,WSM,Oceania,11.3,8.4,0.0,19.7,42.7,57.3
Saint Kitts and Nevis,KNA,North America,0.0,17.1,0.0,17.1,100.0,0.0
Kiribati,KIR,Oceania,0.0,13.3,0.0,13.3,100.0,0.0
Eritrea,ERI,Africa,0.0,12.1,0.0,12.1,100.0,0.0
Equatorial Guinea,GNQ,Africa,0.0,10.6,0.3,10.3,102.8,0.0
Cook Islands,COK,Oceania,0.0,10.1,0.0,10.2,99.7,0.3
Nauru,NRU,Oceania,0.0,1.7,0.0,1.7,100.0,0.0
Guinea-Bissau,GNB,Africa,0.0,1.6,0.0,1.6,101.3,0.0
Niue,NIU,Oceania,0.0,0.8,0.0,0.8,100.0,0.0
Tuvalu,TUV,Oceania,0.0,0.0,0.0,0.0,100.0,0.0
Dominica,DMA,North America,204.2,20.4,228.6,-4.0,,
Uzbekistan,UZB,Asia,19185.5,7458.3,26816.0,-172.1,,
Mozambique,MOZ,Africa,0.0,120.9,516.5,-395.5,,
Latvia,LVA,Europe,0.0,2760.9,3382.0,-621.0,,
Saint Vincent and the Grenadines,VCT,North America,55.0,10.5,688.7,-623.2,,
Lithuania,LTU,Europe,0.0,6862.2,7787.7,-925.4,,
Comoros,COM,Africa,7882.2,110.1,9030.0,-1037.7,,
Honduras,HND,North America,1333.1,1617.2,4023.9,-1073.5,,
Italy,ITA,Europe,0.0,19654.3,21904.2,-2249.9,,
Madagascar,MDG,Africa,38379.0,225.0,48542.6,-9938.6,,
Zambia,ZMB,Africa,521.8,338.5,11079.6,-10219.2,,
Peru,PER,South America,100561.0,7191.9,119540.1,-11787.1,,
Bulgaria,BGR,Europe,0.0,4777.6,20617.7,-15840.1,,
