spice,area,cca3,continent,production,consumption
Anise/Cumin/Coriander,Afghanistan,AFG,Asia,17908.6,9842.8
Anise/Cumin/Coriander,Albania,ALB,Europe,0.0,-773.5
Anise/Cumin/Coriander,Algeria,DZA,Africa,0.0,7617.8
Anise/Cumin/Coriander,Angola,AGO,Africa,0.0,28.0
Anise/Cumin/Coriander,Antigua and Barbuda,ATG,North America,0.0,20.9
Anise/Cumin/Coriander,Argentina,ARG,South America,7577.4,2564.5
Anise/Cumin/Coriander,Armenia,ARM,Asia,0.0,65.6
Anise/Cumin/Coriander,Australia,AUS,Oceania,1147.0,3922.8
Anise/Cumin/Coriander,Austria,AUT,Europe,0.0,678.6
Anise/Cumin/Coriander,Azerbaijan,AZE,Asia,0.0,324.6
Anise/Cumin/Coriander,Bahamas,BHS,North America,0.0,54.1
Anise/Cumin/Coriander,Bahrain,BHR,Asia,0.0,1422.7
Anise/Cumin/Coriander,Bangladesh,BGD,Asia,0.0,45719.9
Anise/Cumin/Coriander,Barbados,BRB,North America,0.0,41.3
Anise/Cumin/Coriander,Belarus,BLR,Europe,0.0,21.6
Anise/Cumin/Coriander,Belgium,BEL,Europe,0.0,324.8
Anise/Cumin/Coriander,Belize,BLZ,North America,0.0,0.4
Anise/Cumin/Coriander,Benin,BEN,Africa,0.0,7.2
Anise/Cumin/Coriander,Bhutan,BTN,Asia,108.1,145.1
Anise/Cumin/Coriander,Bolivia (Plurinational State of),BOL,South America,0.0,97.5
Anise/Cumin/Coriander,Bosnia and Herzegovina,BIH,Europe,800.1,316.2
Anise/Cumin/Coriander,Botswana,BWA,Africa,0.0,2.9
Anise/Cumin/Coriander,Brazil,BRA,South America,0.0,9602.6
Anise/Cumin/Coriander,Brunei Darussalam,BRN,Asia,0.0,255.8
Anise/Cumin/Coriander,Bulgaria,BGR,Europe,0.0,-19154.7
Anise/Cumin/Coriander,Burundi,BDI,Africa,0.0,0.0
Anise/Cumin/Coriander,Cabo Verde,CPV,Africa,0.0,6.1
Anise/Cumin/Coriander,Cambodia,KHM,Asia,0.0,6.3
Anise/Cumin/Coriander,Cameroon,CMR,Africa,0.0,47.4
Anise/Cumin/Coriander,Canada,CAN,North America,12427.0,12762.6
Anise/Cumin/Coriander,Chad,TCD,Africa,0.0,3.5
Anise/Cumin/Coriander,Chile,CHL,South America,0.0,584.3
Anise/Cumin/Coriander,"China, Hong Kong SAR",HKG,Asia,0.0,357.9
Anise/Cumin/Coriander,"China, Macao SAR",MAC,Asia,0.0,6.9
Anise/Cumin/Coriander,"China, mainland",CHN,Asia,52317.3,105293.0
Anise/Cumin/Coriander,"China, Taiwan Province of",TWN,Asia,0.0,1616.0
Anise/Cumin/Coriander,Colombia,COL,South America,0.0,1340.1
Anise/Cumin/Coriander,Comoros,COM,Africa,0.0,4.7
Anise/Cumin/Coriander,Congo,COG,Africa,0.0,15.3
Anise/Cumin/Coriander,Cook Islands,COK,Oceania,0.0,0.7
Anise/Cumin/Coriander,Costa Rica,CRI,North America,0.0,242.5
Anise/Cumin/Coriander,Côte d'Ivoire,CIV,Africa,0.0,16.9
Anise/Cumin/Coriander,Croatia,HRV,Europe,0.0,310.1
Anise/Cumin/Coriander,Cuba,CUB,North America,0.0,329.3
Anise/Cumin/Coriander,Cyprus,CYP,Europe,0.0,131.3
Anise/Cumin/Coriander,Czechia,CZE,Europe,0.0,1043.6
Anise/Cumin/Coriander,Democratic People's Republic of Korea,PRK,Asia,0.0,13.0
Anise/Cumin/Coriander,Democratic Republic of the Congo,COD,Africa,0.0,11.2
Anise/Cumin/Coriander,Denmark,DNK,Europe,0.0,348.1
Anise/Cumin/Coriander,Djibouti,DJI,Africa,0.0,12.2
Anise/Cumin/Coriander,Dominica,DMA,North America,0.0,0.4
Anise/Cumin/Coriander,Dominican Republic,DOM,North America,0.0,411.5
Anise/Cumin/Coriander,Ecuador,ECU,South America,10.8,1406.0
Anise/Cumin/Coriander,Egypt,EGY,Africa,30420.7,9264.4
Anise/Cumin/Coriander,El Salvador,SLV,North America,0.0,129.2
Anise/Cumin/Coriander,Equatorial Guinea,GNQ,Africa,0.0,1.5
Anise/Cumin/Coriander,Eritrea,ERI,Africa,0.0,4.7
Anise/Cumin/Coriander,Estonia,EST,Europe,0.0,-131.4
Anise/Cumin/Coriander,Eswatini,SWZ,Africa,0.0,1.6
Anise/Cumin/Coriander,Ethiopia,ETH,Africa,4869.4,3536.4
Anise/Cumin/Coriander,Faroe Islands,FRO,Europe,0.0,0.7
Anise/Cumin/Coriander,Fiji,FJI,Oceania,0.0,486.6
Anise/Cumin/Coriander,Finland,FIN,Europe,0.0,-874.9
Anise/Cumin/Coriander,France,FRA,Europe,0.0,3760.8
Anise/Cumin/Coriander,French Polynesia,PYF,Oceania,0.0,0.2
Anise/Cumin/Coriander,Gabon,GAB,Africa,0.0,2.9
Anise/Cumin/Coriander,Gambia,GMB,Africa,0.0,1.3
Anise/Cumin/Coriander,Georgia,GEO,Asia,0.0,704.0
Anise/Cumin/Coriander,Germany,DEU,Europe,0.0,9937.2
Anise/Cumin/Coriander,Ghana,GHA,Africa,0.0,218.0
Anise/Cumin/Coriander,Greece,GRC,Europe,0.0,451.2
Anise/Cumin/Coriander,Grenada,GRD,North America,0.0,15.2
Anise/Cumin/Coriander,Guatemala,GTM,North America,2111.5,2249.0
Anise/Cumin/Coriander,Guinea,GIN,Africa,0.0,5.1
Anise/Cumin/Coriander,Guinea-Bissau,GNB,Africa,0.0,0.1
Anise/Cumin/Coriander,Guyana,GUY,South America,0.0,288.6
Anise/Cumin/Coriander,Haiti,HTI,North America,0.0,-5.4
Anise/Cumin/Coriander,Honduras,HND,North America,0.0,946.1
Anise/Cumin/Coriander,Hungary,HUN,Europe,0.0,215.1
Anise/Cumin/Coriander,Iceland,ISL,Europe,0.0,15.4
Anise/Cumin/Coriander,India,IND,Asia,1960504.5,1737691.6
Anise/Cumin/Coriander,Indonesia,IDN,Asia,0.0,26331.1
Anise/Cumin/Coriander,Iran (Islamic Republic of),IRN,Asia,61553.8,47727.3
Anise/Cumin/Coriander,Iraq,IRQ,Asia,0.0,1617.1
Anise/Cumin/Coriander,Ireland,IRL,Europe,0.0,393.4
Anise/Cumin/Coriander,Israel,ISR,Asia,0.0,791.9
Anise/Cumin/Coriander,Italy,ITA,Europe,0.0,-13937.8
Anise/Cumin/Coriander,Jamaica,JAM,North America,0.0,403.9
Anise/Cumin/Coriander,Japan,JPN,Asia,0.0,6562.8
Anise/Cumin/Coriander,Jordan,JOR,Asia,0.0,2103.0
Anise/Cumin/Coriander,Kazakhstan,KAZ,Asia,0.0,675.0
Anise/Cumin/Coriander,Kenya,KEN,Africa,18527.0,19984.0
Anise/Cumin/Coriander,Kiribati,KIR,Oceania,0.0,0.2
Anise/Cumin/Coriander,Kuwait,KWT,Asia,0.0,2406.7
Anise/Cumin/Coriander,Kyrgyzstan,KGZ,Asia,0.0,244.2
Anise/Cumin/Coriander,Lao People's Democratic Republic,LAO,Asia,0.0,-0.1
Anise/Cumin/Coriander,Latvia,LVA,Europe,0.0,-549.5
Anise/Cumin/Coriander,Lebanon,LBN,Asia,393.7,771.9
Anise/Cumin/Coriander,Lesotho,LSO,Africa,0.0,1.7
Anise/Cumin/Coriander,Liberia,LBR,Africa,0.0,27.3
Anise/Cumin/Coriander,Libya,LBY,Africa,1270.0,4814.1
Anise/Cumin/Coriander,Lithuania,LTU,Europe,0.0,-2005.9
Anise/Cumin/Coriander,Luxembourg,LUX,Europe,0.0,41.2
Anise/Cumin/Coriander,Madagascar,MDG,Africa,79.9,75.4
Anise/Cumin/Coriander,Malawi,MWI,Africa,82.8,98.6
Anise/Cumin/Coriander,Malaysia,MYS,Asia,0.0,24222.5
Anise/Cumin/Coriander,Maldives,MDV,Asia,0.0,434.4
Anise/Cumin/Coriander,Mali,MLI,Africa,0.0,-5.1
Anise/Cumin/Coriander,Malta,MLT,Europe,0.0,22.2
Anise/Cumin/Coriander,Mauritania,MRT,Africa,0.0,1.6
Anise/Cumin/Coriander,Mauritius,MUS,Africa,0.0,686.6
Anise/Cumin/Coriander,Mexico,MEX,North America,118152.3,119385.9
Anise/Cumin/Coriander,Mongolia,MNG,Asia,0.0,3.5
Anise/Cumin/Coriander,Montenegro,MNE,Europe,0.0,-44.2
Anise/Cumin/Coriander,Morocco,MAR,Africa,29038.3,30903.0
Anise/Cumin/Coriander,Mozambique,MOZ,Africa,0.0,12.4
Anise/Cumin/Coriander,Myanmar,MMR,Asia,0.0,955.1
Anise/Cumin/Coriander,Namibia,NAM,Africa,0.0,13.4
Anise/Cumin/Coriander,Nauru,NRU,Oceania,0.0,0.0
Anise/Cumin/Coriander,Nepal,NPL,Asia,0.0,13366.8
Anise/Cumin/Coriander,Netherlands (Kingdom of the),NLD,Europe,0.0,2441.2
Anise/Cumin/Coriander,New Caledonia,NCL,Oceania,0.0,1.4
Anise/Cumin/Coriander,New Zealand,NZL,Oceania,0.0,533.7
Anise/Cumin/Coriander,Nicaragua,NIC,North America,0.0,37.4
Anise/Cumin/Coriander,Niger,NER,Africa,0.0,0.1
Anise/Cumin/Coriander,Nigeria,NGA,Africa,0.0,546.7
Anise/Cumin/Coriander,Niue,NIU,Oceania,0.0,0.0
Anise/Cumin/Coriander,North Macedonia,MKD,Europe,1548.2,759.8
Anise/Cumin/Coriander,Norway,NOR,Europe,0.0,225.1
Anise/Cumin/Coriander,Oman,OMN,Asia,0.0,2829.3
Anise/Cumin/Coriander,Pakistan,PAK,Asia,0.0,27146.5
Anise/Cumin/Coriander,Palestine,PSE,Asia,174.8,268.0
Anise/Cumin/Coriander,Panama,PAN,North America,0.0,78.3
Anise/Cumin/Coriander,Papua New Guinea,PNG,Oceania,0.0,3.2
Anise/Cumin/Coriander,Paraguay,PRY,South America,0.0,619.7
Anise/Cumin/Coriander,Peru,PER,South America,45.0,2112.1
Anise/Cumin/Coriander,Philippines,PHL,Asia,0.0,231.3
Anise/Cumin/Coriander,Poland,POL,Europe,0.0,-583.7
Anise/Cumin/Coriander,Portugal,PRT,Europe,0.0,342.5
Anise/Cumin/Coriander,Qatar,QAT,Asia,0.0,2020.5
Anise/Cumin/Coriander,Republic of Korea,KOR,Asia,0.0,916.7
Anise/Cumin/Coriander,Republic of Moldova,MDA,Europe,0.0,256.5
Anise/Cumin/Coriander,Romania,ROU,Europe,0.0,530.5
Anise/Cumin/Coriander,Russian Federation,RUS,Europe,84220.5,9622.6
Anise/Cumin/Coriander,Rwanda,RWA,Africa,0.0,-47.9
Anise/Cumin/Coriander,Saint Kitts and Nevis,KNA,North America,0.0,0.4
Anise/Cumin/Coriander,Saint Lucia,LCA,North America,0.0,7.8
Anise/Cumin/Coriander,Saint Vincent and the Grenadines,VCT,North America,0.0,0.8
Anise/Cumin/Coriander,Samoa,WSM,Oceania,0.0,0.8
Anise/Cumin/Coriander,Sao Tome and Principe,STP,Africa,0.0,5.7
Anise/Cumin/Coriander,Saudi Arabia,SAU,Asia,0.0,14507.6
Anise/Cumin/Coriander,Senegal,SEN,Africa,0.0,33.1
Anise/Cumin/Coriander,Serbia,SRB,Europe,950.2,267.7
Anise/Cumin/Coriander,Seychelles,SYC,Africa,0.0,93.4
Anise/Cumin/Coriander,Sierra Leone,SLE,Africa,0.0,16.3
Anise/Cumin/Coriander,Singapore,SGP,Asia,0.0,1581.7
Anise/Cumin/Coriander,Slovakia,SVK,Europe,0.0,513.0
Anise/Cumin/Coriander,Slovenia,SVN,Europe,0.0,207.9
Anise/Cumin/Coriander,Solomon Islands,SLB,Oceania,0.0,21.3
Anise/Cumin/Coriander,Somalia,SOM,Africa,0.0,2071.4
Anise/Cumin/Coriander,South Africa,ZAF,Africa,0.0,6788.6
Anise/Cumin/Coriander,South Sudan,SSD,Africa,0.0,18.7
Anise/Cumin/Coriander,Spain,ESP,Europe,0.0,-3078.3
Anise/Cumin/Coriander,Sri Lanka,LKA,Asia,0.0,22273.5
Anise/Cumin/Coriander,Sudan,SDN,Africa,0.0,-371.7
Anise/Cumin/Coriander,Suriname,SUR,South America,0.0,133.8
Anise/Cumin/Coriander,Sweden,SWE,Europe,0.0,1096.2
Anise/Cumin/Coriander,Switzerland,CHE,Europe,0.0,883.0
Anise/Cumin/Coriander,Syrian Arab Republic,SYR,Asia,48637.0,31592.2
Anise/Cumin/Coriander,Tajikistan,TJK,Asia,0.0,337.2
Anise/Cumin/Coriander,Thailand,THA,Asia,0.0,3992.4
Anise/Cumin/Coriander,Timor-Leste,TLS,Asia,0.0,5.0
Anise/Cumin/Coriander,Togo,TGO,Africa,0.0,45.6
Anise/Cumin/Coriander,Tonga,TON,Oceania,0.0,0.4
Anise/Cumin/Coriander,Trinidad and Tobago,TTO,North America,0.0,1080.9
Anise/Cumin/Coriander,Tunisia,TUN,Africa,11107.6,14048.0
Anise/Cumin/Coriander,Türkiye,TUR,Asia,341590.0,340491.8
Anise/Cumin/Coriander,Turkmenistan,TKM,Asia,0.0,2.1
Anise/Cumin/Coriander,Uganda,UGA,Africa,0.0,115.3
Anise/Cumin/Coriander,Ukraine,UKR,Europe,2460.0,639.7
Anise/Cumin/Coriander,United Arab Emirates,ARE,Asia,0.0,10049.6
Anise/Cumin/Coriander,United Kingdom of Great Britain and Northern Ireland,GBR,Europe,0.0,13264.0
Anise/Cumin/Coriander,United Republic of Tanzania,TZA,Africa,1340.3,1497.4
Anise/Cumin/Coriander,United States of America,USA,North America,0.0,36490.3
Anise/Cumin/Coriander,Uruguay,URY,South America,0.0,113.3
Anise/Cumin/Coriander,Uzbekistan,UZB,Asia,0.0,5687.1
Anise/Cumin/Coriander,Vanuatu,VUT,Oceania,0.0,0.8
Anise/Cumin/Coriander,Venezuela (Bolivarian Republic of),VEN,South America,0.0,237.1
Anise/Cumin/Coriander,Viet Nam,VNM,Asia,18557.8,13154.9
Anise/Cumin/Coriander,Yemen,YEM,Asia,0.0,7337.1
Anise/Cumin/Coriander,Zambia,ZMB,Africa,0.0,9.9
Anise/Cumin/Coriander,Zimbabwe,ZWE,Africa,84.0,119.2
Chillies (dry),Afghanistan,AFG,Asia,0.0,-160.6
Chillies (dry),Albania,ALB,Europe,0.0,833.8
Chillies (dry),Algeria,DZA,Africa,15405.2,21783.6
Chillies (dry),Angola,AGO,Africa,0.0,62.8
Chillies (dry),Antigua and Barbuda,ATG,North America,0.0,18.9
Chillies (dry),Argentina,ARG,South America,3182.6,5060.7
Chillies (dry),Armenia,ARM,Asia,0.0,444.3
Chillies (dry),Australia,AUS,Oceania,0.0,5055.8
Chillies (dry),Austria,AUT,Europe,0.0,2661.4
Chillies (dry),Azerbaijan,AZE,Asia,0.0,429.7
Chillies (dry),Bahamas,BHS,North America,0.0,17.0
Chillies (dry),Bahrain,BHR,Asia,0.0,738.0
Chillies (dry),Bangladesh,BGD,Asia,662833.0,733343.8
Chillies (dry),Barbados,BRB,North America,0.0,75.5
Chillies (dry),Belarus,BLR,Europe,0.0,65.1
Chillies (dry),Belgium,BEL,Europe,0.0,1039.4
Chillies (dry),Belize,BLZ,North America,0.0,1.8
Chillies (dry),Benin,BEN,Africa,134120.2,135394.5
Chillies (dry),Bhutan,BTN,Asia,193.6,473.2
Chillies (dry),Bolivia (Plurinational State of),BOL,South America,0.0,31.2
Chillies (dry),Bosnia and Herzegovina,BIH,Europe,24269.0,24719.7
Chillies (dry),Botswana,BWA,Africa,0.0,5.1
Chillies (dry),Brazil,BRA,South America,0.0,2380.6
Chillies (dry),Brunei Darussalam,BRN,Asia,0.0,355.2
Chillies (dry),Bulgaria,BGR,Europe,0.0,1864.5
Chillies (dry),Burkina Faso,BFA,Africa,0.0,141.6
Chillies (dry),Burundi,BDI,Africa,0.0,0.0
Chillies (dry),Cabo Verde,CPV,Africa,1524.5,1529.7
Chillies (dry),Cambodia,KHM,Asia,13359.4,13378.1
Chillies (dry),Cameroon,CMR,Africa,42786.8,42785.4
Chillies (dry),Canada,CAN,North America,0.0,9827.2
Chillies (dry),Central African Republic,CAF,Africa,118.6,132.2
Chillies (dry),Chad,TCD,Africa,0.0,4.8
Chillies (dry),Chile,CHL,South America,0.0,1228.2
Chillies (dry),"China, Hong Kong SAR",HKG,Asia,0.0,1898.8
Chillies (dry),"China, Macao SAR",MAC,Asia,0.0,20.0
Chillies (dry),"China, mainland",CHN,Asia,325522.0,161347.7
Chillies (dry),"China, Taiwan Province of",TWN,Asia,0.0,3880.3
Chillies (dry),Colombia,COL,South America,0.0,-2402.8
Chillies (dry),Comoros,COM,Africa,0.0,0.0
Chillies (dry),Congo,COG,Africa,0.0,7.2
Chillies (dry),Cook Islands,COK,Oceania,0.0,0.5
Chillies (dry),Costa Rica,CRI,North America,0.0,814.3
Chillies (dry),Côte d'Ivoire,CIV,Africa,131558.6,130673.4
Chillies (dry),Croatia,HRV,Europe,0.0,946.4
Chillies (dry),Cuba,CUB,North America,0.0,93.0
Chillies (dry),Cyprus,CYP,Europe,0.0,110.1
Chillies (dry),Czechia,CZE,Europe,0.0,2240.4
Chillies (dry),Democratic People's Republic of Korea,PRK,Asia,0.0,2689.3
Chillies (dry),Democratic Republic of the Congo,COD,Africa,36688.1,36702.3
Chillies (dry),Denmark,DNK,Europe,0.0,986.4
Chillies (dry),Djibouti,DJI,Africa,546.0,587.6
Chillies (dry),Dominica,DMA,North America,0.0,2.3
Chillies (dry),Dominican Republic,DOM,North America,0.0,80.8
Chillies (dry),Ecuador,ECU,South America,0.0,-1118.5
Chillies (dry),Egypt,EGY,Africa,63974.8,63930.7
Chillies (dry),El Salvador,SLV,North America,0.0,542.7
Chillies (dry),Equatorial Guinea,GNQ,Africa,0.0,2.3
Chillies (dry),Estonia,EST,Europe,0.0,513.4
Chillies (dry),Eswatini,SWZ,Africa,0.0,4.4
Chillies (dry),Ethiopia,ETH,Africa,298205.8,298113.9
Chillies (dry),Faroe Islands,FRO,Europe,0.0,2.1
Chillies (dry),Fiji,FJI,Oceania,0.0,53.3
Chillies (dry),Finland,FIN,Europe,0.0,568.3
Chillies (dry),France,FRA,Europe,0.0,5550.6
Chillies (dry),French Polynesia,PYF,Oceania,0.0,3.6
Chillies (dry),Gabon,GAB,Africa,0.0,2.6
Chillies (dry),Gambia,GMB,Africa,0.0,102.3
Chillies (dry),Georgia,GEO,Asia,0.0,424.9
Chillies (dry),Germany,DEU,Europe,0.0,16089.2
Chillies (dry),Ghana,GHA,Africa,109359.6,109365.2
Chillies (dry),Greece,GRC,Europe,0.0,1107.5
Chillies (dry),Grenada,GRD,North America,5.3,13.0
Chillies (dry),Guatemala,GTM,North America,0.0,1170.3
Chillies (dry),Guinea,GIN,Africa,0.0,326.7
Chillies (dry),Guinea-Bissau,GNB,Africa,0.0,0.4
Chillies (dry),Guyana,GUY,South America,0.0,51.7
Chillies (dry),Haiti,HTI,North America,0.0,148.9
Chillies (dry),Honduras,HND,North America,0.0,-1388.5
Chillies (dry),Hungary,HUN,Europe,0.0,1815.0
Chillies (dry),Iceland,ISL,Europe,0.0,34.4
Chillies (dry),India,IND,Asia,2782000.0,2308530.7
Chillies (dry),Indonesia,IDN,Asia,0.0,44718.8
Chillies (dry),Iran (Islamic Republic of),IRN,Asia,3953.3,3838.4
Chillies (dry),Iraq,IRQ,Asia,544.1,2647.9
Chillies (dry),Ireland,IRL,Europe,0.0,671.4
Chillies (dry),Israel,ISR,Asia,0.0,1845.1
Chillies (dry),Italy,ITA,Europe,0.0,2270.1
Chillies (dry),Jamaica,JAM,North America,19563.0,19656.6
Chillies (dry),Japan,JPN,Asia,0.0,15062.1
Chillies (dry),Jordan,JOR,Asia,0.0,-3160.4
Chillies (dry),Kazakhstan,KAZ,Asia,440.5,21873.2
Chillies (dry),Kenya,KEN,Africa,2989.4,3094.0
Chillies (dry),Kiribati,KIR,Oceania,0.0,0.0
Chillies (dry),Kuwait,KWT,Asia,0.0,1466.3
Chillies (dry),Kyrgyzstan,KGZ,Asia,991.9,2821.1
Chillies (dry),Lao People's Democratic Republic,LAO,Asia,12567.4,13207.8
Chillies (dry),Latvia,LVA,Europe,0.0,-65.8
Chillies (dry),Lebanon,LBN,Asia,0.0,446.9
Chillies (dry),Lesotho,LSO,Africa,0.0,9.1
Chillies (dry),Liberia,LBR,Africa,0.0,35.1
Chillies (dry),Libya,LBY,Africa,0.0,2144.7
Chillies (dry),Lithuania,LTU,Europe,0.0,320.3
Chillies (dry),Luxembourg,LUX,Europe,0.0,29.2
Chillies (dry),Madagascar,MDG,Africa,1830.4,1733.6
Chillies (dry),Malawi,MWI,Africa,1334.1,1269.5
Chillies (dry),Malaysia,MYS,Asia,2420.3,52035.3
Chillies (dry),Maldives,MDV,Asia,10.2,559.4
Chillies (dry),Mali,MLI,Africa,4424.3,4004.5
Chillies (dry),Malta,MLT,Europe,0.0,44.7
Chillies (dry),Mauritania,MRT,Africa,0.0,13.5
Chillies (dry),Mauritius,MUS,Africa,0.0,277.9
Chillies (dry),Mexico,MEX,North America,61090.5,68199.1
Chillies (dry),Mongolia,MNG,Asia,0.0,57.6
Chillies (dry),Montenegro,MNE,Europe,0.0,127.7
Chillies (dry),Morocco,MAR,Africa,27260.4,25237.5
Chillies (dry),Mozambique,MOZ,Africa,0.0,-3.0
Chillies (dry),Myanmar,MMR,Asia,151787.0,141766.5
Chillies (dry),Namibia,NAM,Africa,0.0,-9.8
Chillies (dry),Nauru,NRU,Oceania,0.0,0.1
Chillies (dry),Nepal,NPL,Asia,86992.0,96335.6
Chillies (dry),Netherlands (Kingdom of the),NLD,Europe,0.0,3592.8
Chillies (dry),New Caledonia,NCL,Oceania,0.0,2.3
Chillies (dry),New Zealand,NZL,Oceania,0.0,650.2
Chillies (dry),Nicaragua,NIC,North America,0.0,26.3
Chillies (dry),Niger,NER,Africa,33077.9,33702.7
Chillies (dry),Nigeria,NGA,Africa,64618.0,65395.3
Chillies (dry),Niue,NIU,Oceania,0.0,0.2
Chillies (dry),North Macedonia,MKD,Europe,3714.5,4216.8
Chillies (dry),Norway,NOR,Europe,0.0,480.6
Chillies (dry),Oman,OMN,Asia,0.0,1854.4
Chillies (dry),Pakistan,PAK,Asia,109615.0,105117.1
Chillies (dry),Palestine,PSE,Asia,0.0,7.2
Chillies (dry),Panama,PAN,North America,0.0,177.6
Chillies (dry),Papua New Guinea,PNG,Oceania,2.1,6.5
Chillies (dry),Paraguay,PRY,South America,0.0,26.8
Chillies (dry),Peru,PER,South America,37882.8,-6938.6
Chillies (dry),Philippines,PHL,Asia,0.0,1559.8
Chillies (dry),Poland,POL,Europe,0.0,5785.7
Chillies (dry),Portugal,PRT,Europe,0.0,937.2
Chillies (dry),Qatar,QAT,Asia,0.0,1965.1
Chillies (dry),Republic of Korea,KOR,Asia,0.0,23673.6
Chillies (dry),Republic of Moldova,MDA,Europe,0.0,91.0
Chillies (dry),Romania,ROU,Europe,0.0,2059.2
Chillies (dry),Russian Federation,RUS,Europe,0.0,9831.4
Chillies (dry),Rwanda,RWA,Africa,0.0,-605.8
Chillies (dry),Saint Kitts and Nevis,KNA,North America,0.0,0.1
Chillies (dry),Saint Lucia,LCA,North America,0.0,1.1
Chillies (dry),Saint Vincent and the Grenadines,VCT,North America,0.0,-0.5
Chillies (dry),Samoa,WSM,Oceania,0.0,0.3
Chillies (dry),Sao Tome and Principe,STP,Africa,0.0,-18.7
Chillies (dry),Saudi Arabia,SAU,Asia,0.0,5000.7
Chillies (dry),Senegal,SEN,Africa,5039.7,5076.2
Chillies (dry),Serbia,SRB,Europe,4332.3,4055.6
Chillies (dry),Seychelles,SYC,Africa,0.0,68.5
Chillies (dry),Sierra Leone,SLE,Africa,4294.9,4296.0
Chillies (dry),Singapore,SGP,Asia,0.0,5206.9
Chillies (dry),Slovakia,SVK,Europe,0.0,1383.7
Chillies (dry),Slovenia,SVN,Europe,0.0,993.7
Chillies (dry),Solomon Islands,SLB,Oceania,0.0,1.4
Chillies (dry),Somalia,SOM,Africa,0.0,39.4
Chillies (dry),South Africa,ZAF,Africa,18043.1,26578.6
Chillies (dry),South Sudan,SSD,Africa,6933.1,6975.6
Chillies (dry),Spain,ESP,Europe,0.0,-2405.3
Chillies (dry),Sri Lanka,LKA,Asia,0.0,39653.4
Chillies (dry),Sudan,SDN,Africa,10520.1,10669.0
Chillies (dry),Suriname,SUR,South America,0.0,33.0
Chillies (dry),Sweden,SWE,Europe,0.0,2074.3
Chillies (dry),Switzerland,CHE,Europe,0.0,2294.8
Chillies (dry),Syrian Arab Republic,SYR,Asia,937.8,677.4
Chillies (dry),Tajikistan,TJK,Asia,0.0,122.7
Chillies (dry),Thailand,THA,Asia,328909.7,402399.9
Chillies (dry),Timor-Leste,TLS,Asia,0.0,11.2
Chillies (dry),Togo,TGO,Africa,3616.4,3778.4
Chillies (dry),Trinidad and Tobago,TTO,North America,0.0,294.6
Chillies (dry),Tunisia,TUN,Africa,20571.5,12998.4
Chillies (dry),Türkiye,TUR,Asia,15593.2,17142.5
Chillies (dry),Turkmenistan,TKM,Asia,0.0,58.4
Chillies (dry),Tuvalu,TUV,Oceania,0.0,0.0
Chillies (dry),Uganda,UGA,Africa,3179.0,2858.4
Chillies (dry),Ukraine,UKR,Europe,0.0,2034.3
Chillies (dry),United Arab Emirates,ARE,Asia,0.0,9647.3
Chillies (dry),United Kingdom of Great Britain and Northern Ireland,GBR,Europe,0.0,14087.3
Chillies (dry),United Republic of Tanzania,TZA,Africa,6735.4,6603.5
Chillies (dry),United States of America,USA,North America,0.0,182491.9
Chillies (dry),Uruguay,URY,South America,0.0,248.8
Chillies (dry),Uzbekistan,UZB,Asia,18975.5,-7464.8
Chillies (dry),Vanuatu,VUT,Oceania,0.0,0.2
Chillies (dry),Venezuela (Bolivarian Republic of),VEN,South America,0.0,201.8
Chillies (dry),Viet Nam,VNM,Asia,100359.4,107860.8
Chillies (dry),Yemen,YEM,Asia,0.0,-11.7
Chillies (dry),Zambia,ZMB,Africa,456.5,-8563.6
Chillies (dry),Zimbabwe,ZWE,Africa,598.1,-974.3
Chillies (green),Afghanistan,AFG,Asia,0.0,-63.5
Chillies (green),Albania,ALB,Europe,104982.3,86726.1
Chillies (green),Algeria,DZA,Africa,624969.6,624976.5
Chillies (green),Angola,AGO,Africa,0.0,19.2
Chillies (green),Antigua and Barbuda,ATG,North America,76.8,403.6
Chillies (green),Armenia,ARM,Asia,0.0,-4129.4
Chillies (green),Australia,AUS,Oceania,75951.0,75893.1
Chillies (green),Austria,AUT,Europe,13480.0,43676.7
Chillies (green),Azerbaijan,AZE,Asia,48381.1,56036.0
Chillies (green),Bahamas,BHS,North America,0.0,2463.2
Chillies (green),Bahrain,BHR,Asia,2430.0,10436.3
Chillies (green),Bangladesh,BGD,Asia,0.0,27391.7
Chillies (green),Barbados,BRB,North America,193.4,500.9
Chillies (green),Belarus,BLR,Europe,0.0,2185.4
Chillies (green),Belgium,BEL,Europe,30740.0,40466.9
Chillies (green),Belize,BLZ,North America,366.0,433.1
Chillies (green),Benin,BEN,Africa,134120.2,134461.1
Chillies (green),Bhutan,BTN,Asia,4848.1,6624.3
Chillies (green),Bosnia and Herzegovina,BIH,Europe,24424.0,34100.4
Chillies (green),Botswana,BWA,Africa,0.0,1.6
Chillies (green),Brazil,BRA,South America,0.0,-209.8
Chillies (green),Brunei Darussalam,BRN,Asia,438.2,8088.0
Chillies (green),Bulgaria,BGR,Europe,52010.0,78757.5
Chillies (green),Burkina Faso,BFA,Africa,8696.9,8747.9
Chillies (green),Cabo Verde,CPV,Africa,0.0,348.9
Chillies (green),Cambodia,KHM,Asia,0.0,-261.4
Chillies (green),Cameroon,CMR,Africa,55024.2,55026.2
Chillies (green),Canada,CAN,North America,67069.0,39832.9
Chillies (green),Chad,TCD,Africa,0.0,0.3
Chillies (green),Chile,CHL,South America,57604.7,57541.0
Chillies (green),"China, Hong Kong SAR",HKG,Asia,0.0,2248.9
Chillies (green),"China, Macao SAR",MAC,Asia,0.0,2702.2
Chillies (green),"China, mainland",CHN,Asia,17104871.2,16976365.8
Chillies (green),"China, Taiwan Province of",TWN,Asia,29608.9,32583.4
Chillies (green),Comoros,COM,Africa,0.0,1.1
Chillies (green),Congo,COG,Africa,0.0,4.9
Chillies (green),Cook Islands,COK,Oceania,0.5,11.5
Chillies (green),Costa Rica,CRI,North America,604.4,671.3
Chillies (green),Côte d'Ivoire,CIV,Africa,27957.3,40427.5
Chillies (green),Croatia,HRV,Europe,7870.0,27239.1
Chillies (green),Cuba,CUB,North America,68844.2,68800.3
Chillies (green),Cyprus,CYP,Europe,1060.0,2943.0
Chillies (green),Czechia,CZE,Europe,13150.0,51734.6
Chillies (green),Democratic People's Republic of Korea,PRK,Asia,49366.0,49383.0
Chillies (green),Democratic Republic of the Congo,COD,Africa,0.0,5.8
Chillies (green),Denmark,DNK,Europe,0.0,21052.2
Chillies (green),Djibouti,DJI,Africa,16.0,785.5
Chillies (green),Dominica,DMA,North America,741.9,728.3
Chillies (green),Dominican Republic,DOM,North America,65314.3,49694.3
Chillies (green),Ecuador,ECU,South America,8470.8,8455.3
Chillies (green),Egypt,EGY,Africa,1065143.3,1060820.8
Chillies (green),El Salvador,SLV,North America,12921.4,23851.0
Chillies (green),Equatorial Guinea,GNQ,Africa,0.0,35.6
Chillies (green),Estonia,EST,Europe,0.0,4259.9
Chillies (green),Eswatini,SWZ,Africa,0.0,380.9
Chillies (green),Ethiopia,ETH,Africa,47442.1,46376.0
Chillies (green),Faroe Islands,FRO,Europe,0.0,152.6
Chillies (green),Fiji,FJI,Oceania,2501.3,2782.0
Chillies (green),Finland,FIN,Europe,1610.0,16271.7
Chillies (green),France,FRA,Europe,24970.0,141281.7
Chillies (green),French Polynesia,PYF,Oceania,183.2,261.6
Chillies (green),Gabon,GAB,Africa,48.1,57.2
Chillies (green),Gambia,GMB,Africa,0.0,-264.4
Chillies (green),Georgia,GEO,Asia,12000.0,17424.4
Chillies (green),Germany,DEU,Europe,16160.0,390221.9
Chillies (green),Ghana,GHA,Africa,120664.9,120724.5
Chillies (green),Greece,GRC,Europe,108400.0,95880.4
Chillies (green),Grenada,GRD,North America,0.0,69.9
Chillies (green),Guatemala,GTM,North America,88569.5,69732.7
Chillies (green),Guinea,GIN,Africa,0.0,846.5
Chillies (green),Guyana,GUY,South America,13621.0,13704.3
Chillies (green),Honduras,HND,North America,31353.5,18166.1
Chillies (green),Hungary,HUN,Europe,91480.0,81276.1
Chillies (green),Iceland,ISL,Europe,0.0,1598.9
Chillies (green),Iran (Islamic Republic of),IRN,Asia,93799.9,66769.5
Chillies (green),Iraq,IRQ,Asia,12239.0,44239.0
Chillies (green),Ireland,IRL,Europe,0.0,23646.4
Chillies (green),Israel,ISR,Asia,117760.0,88347.9
Chillies (green),Italy,ITA,Europe,227510.0,296402.0
Chillies (green),Jamaica,JAM,North America,22234.0,22169.8
Chillies (green),Japan,JPN,Asia,146755.3,172046.1
Chillies (green),Jordan,JOR,Asia,118880.0,74195.0
Chillies (green),Kazakhstan,KAZ,Asia,327423.7,346520.2
Chillies (green),Kiribati,KIR,Oceania,0.0,1.9
Chillies (green),Kuwait,KWT,Asia,13470.0,29759.2
Chillies (green),Kyrgyzstan,KGZ,Asia,8425.4,12153.6
Chillies (green),Lao People's Democratic Republic,LAO,Asia,17548.8,17498.9
Chillies (green),Latvia,LVA,Europe,0.0,4604.7
Chillies (green),Lebanon,LBN,Asia,8713.9,9654.5
Chillies (green),Lesotho,LSO,Africa,0.0,245.3
Chillies (green),Liberia,LBR,Africa,0.0,33.9
Chillies (green),Libya,LBY,Africa,28221.8,28234.7
Chillies (green),Lithuania,LTU,Europe,0.0,6720.4
Chillies (green),Luxembourg,LUX,Europe,0.0,1949.8
Chillies (green),Madagascar,MDG,Africa,560.7,509.5
Chillies (green),Malawi,MWI,Africa,714.3,727.2
Chillies (green),Malaysia,MYS,Asia,35046.1,113190.3
Chillies (green),Maldives,MDV,Asia,51.4,1715.2
Chillies (green),Mali,MLI,Africa,25140.0,23097.5
Chillies (green),Malta,MLT,Europe,0.0,1178.0
Chillies (green),Mauritania,MRT,Africa,0.0,79.3
Chillies (green),Mauritius,MUS,Africa,3172.0,3294.6
Chillies (green),Mexico,MEX,North America,3681061.5,2570727.8
Chillies (green),Mongolia,MNG,Asia,0.0,16604.3
Chillies (green),Montenegro,MNE,Europe,3217.1,6361.4
Chillies (green),Morocco,MAR,Africa,226067.5,51954.6
Chillies (green),Mozambique,MOZ,Africa,0.0,254.7
Chillies (green),Namibia,NAM,Africa,971.4,982.1
Chillies (green),Nauru,NRU,Oceania,0.0,3.1
Chillies (green),Nepal,NPL,Asia,86992.0,89232.0
Chillies (green),Netherlands (Kingdom of the),NLD,Europe,420000.0,106095.4
Chillies (green),New Caledonia,NCL,Oceania,0.0,143.3
Chillies (green),New Zealand,NZL,Oceania,4347.6,1629.6
Chillies (green),Nicaragua,NIC,North America,22116.3,21778.8
Chillies (green),Niger,NER,Africa,279574.9,279971.9
Chillies (green),Nigeria,NGA,Africa,773962.1,773318.6
Chillies (green),Niue,NIU,Oceania,0.0,0.6
Chillies (green),North Macedonia,MKD,Europe,247417.0,226851.0
Chillies (green),Norway,NOR,Europe,0.0,21049.6
Chillies (green),Oman,OMN,Asia,166943.0,168436.4
Chillies (green),Pakistan,PAK,Asia,0.0,-395.7
Chillies (green),Palestine,PSE,Asia,19926.6,19923.3
Chillies (green),Panama,PAN,North America,7642.5,7671.5
Chillies (green),Papua New Guinea,PNG,Oceania,0.0,4.0
Chillies (green),Paraguay,PRY,South America,13424.7,16149.9
Chillies (green),Poland,POL,Europe,286000.0,330443.3
Chillies (green),Portugal,PRT,Europe,46680.0,67711.5
Chillies (green),Qatar,QAT,Asia,5070.0,19366.1
Chillies (green),Republic of Korea,KOR,Asia,207258.1,186169.9
Chillies (green),Republic of Moldova,MDA,Europe,12144.0,15794.1
Chillies (green),Romania,ROU,Europe,104560.0,153326.3
Chillies (green),Russian Federation,RUS,Europe,0.0,83164.0
Chillies (green),Rwanda,RWA,Africa,4179.2,3062.8
Chillies (green),Saint Kitts and Nevis,KNA,North America,42.0,46.4
Chillies (green),Saint Lucia,LCA,North America,0.0,50.8
Chillies (green),Saint Vincent and the Grenadines,VCT,North America,330.0,334.5
Chillies (green),Samoa,WSM,Oceania,0.0,10.9
Chillies (green),Sao Tome and Principe,STP,Africa,14.2,15.6
Chillies (green),Saudi Arabia,SAU,Asia,128922.0,151501.8
Chillies (green),Senegal,SEN,Africa,0.0,4597.4
Chillies (green),Serbia,SRB,Europe,119396.4,128075.2
Chillies (green),Seychelles,SYC,Africa,0.0,492.5
Chillies (green),Sierra Leone,SLE,Africa,59492.5,59493.4
Chillies (green),Singapore,SGP,Asia,0.0,18705.8
Chillies (green),Slovakia,SVK,Europe,1560.0,23498.6
Chillies (green),Slovenia,SVN,Europe,2850.0,13558.8
Chillies (green),Solomon Islands,SLB,Oceania,0.0,0.5
Chillies (green),Somalia,SOM,Africa,0.0,0.7
Chillies (green),South Africa,ZAF,Africa,1161.2,1906.8
Chillies (green),South Sudan,SSD,Africa,0.0,0.1
Chillies (green),Spain,ESP,Europe,1389830.0,727556.5
Chillies (green),Sri Lanka,LKA,Asia,90456.0,90436.6
Chillies (green),Suriname,SUR,South America,0.0,55.5
Chillies (green),Sweden,SWE,Europe,40.0,31225.6
Chillies (green),Switzerland,CHE,Europe,517.0,39144.6
Chillies (green),Syrian Arab Republic,SYR,Asia,70203.0,70468.0
Chillies (green),Tajikistan,TJK,Asia,0.0,612.6
Chillies (green),Thailand,THA,Asia,19386.0,61692.2
Chillies (green),Timor-Leste,TLS,Asia,0.0,55.5
Chillies (green),Togo,TGO,Africa,0.0,210.0
Chillies (green),Tonga,TON,Oceania,0.0,1.2
Chillies (green),Trinidad and Tobago,TTO,North America,1760.0,2056.8
Chillies (green),Tunisia,TUN,Africa,444948.1,445043.1
Chillies (green),Türkiye,TUR,Asia,3081010.0,2899155.3
Chillies (green),Tuvalu,TUV,Oceania,0.0,0.5
Chillies (green),Uganda,UGA,Africa,0.0,-1225.0
Chillies (green),Ukraine,UKR,Europe,123850.0,142297.2
Chillies (green),United Arab Emirates,ARE,Asia,6071.6,63520.9
Chillies (green),United Kingdom of Great Britain and Northern Ireland,GBR,Europe,17090.3,247564.7
Chillies (green),United Republic of Tanzania,TZA,Africa,15874.1,15865.0
Chillies (green),United States of America,USA,North America,576743.0,1697097.0
Chillies (green),Uzbekistan,UZB,Asia,69273.7,58768.3
Chillies (green),Vanuatu,VUT,Oceania,17030.0,17041.0
Chillies (green),Viet Nam,VNM,Asia,0.0,-24245.7
Chillies (green),Yemen,YEM,Asia,16591.9,16587.5
Chillies (green),Zambia,ZMB,Africa,0.0,64.2
Cinnamon,Afghanistan,AFG,Asia,0.0,91.9
Cinnamon,Albania,ALB,Europe,0.0,38.9
Cinnamon,Algeria,DZA,Africa,0.0,780.1
Cinnamon,Angola,AGO,Africa,0.0,42.8
Cinnamon,Antigua and Barbuda,ATG,North America,0.0,20.5
Cinnamon,Argentina,ARG,South America,0.0,301.8
Cinnamon,Armenia,ARM,Asia,0.0,56.5
Cinnamon,Australia,AUS,Oceania,0.0,1042.5
Cinnamon,Austria,AUT,Europe,0.0,329.3
Cinnamon,Azerbaijan,AZE,Asia,0.0,74.3
Cinnamon,Bahamas,BHS,North America,0.0,9.4
Cinnamon,Bahrain,BHR,Asia,0.0,269.4
Cinnamon,Bangladesh,BGD,Asia,0.0,9288.0
Cinnamon,Barbados,BRB,North America,0.0,30.2
Cinnamon,Belarus,BLR,Europe,0.0,47.6
Cinnamon,Belgium,BEL,Europe,0.0,173.7
Cinnamon,Belize,BLZ,North America,0.0,0.7
Cinnamon,Benin,BEN,Africa,0.0,3.7
Cinnamon,Bhutan,BTN,Asia,0.0,2.2
Cinnamon,Bolivia (Plurinational State of),BOL,South America,0.0,610.4
Cinnamon,Bosnia and Herzegovina,BIH,Europe,0.0,38.3
Cinnamon,Botswana,BWA,Africa,0.0,34.7
Cinnamon,Brazil,BRA,South America,0.0,3670.9
Cinnamon,Brunei Darussalam,BRN,Asia,0.0,47.7
Cinnamon,Bulgaria,BGR,Europe,0.0,154.7
Cinnamon,Burkina Faso,BFA,Africa,0.0,16.2
Cinnamon,Burundi,BDI,Africa,0.0,0.0
Cinnamon,Cabo Verde,CPV,Africa,0.0,10.5
Cinnamon,Cambodia,KHM,Asia,0.0,0.3
Cinnamon,Cameroon,CMR,Africa,0.0,59.2
Cinnamon,Canada,CAN,North America,0.0,2370.1
Cinnamon,Central African Republic,CAF,Africa,0.0,31.2
Cinnamon,Chad,TCD,Africa,0.0,162.5
Cinnamon,Chile,CHL,South America,0.0,496.9
Cinnamon,"China, Hong Kong SAR",HKG,Asia,0.0,-84.9
Cinnamon,"China, Macao SAR",MAC,Asia,0.0,1.7
Cinnamon,"China, mainland",CHN,Asia,91892.2,30301.5
Cinnamon,"China, Taiwan Province of",TWN,Asia,0.0,1941.1
Cinnamon,Colombia,COL,South America,0.0,1219.0
Cinnamon,Comoros,COM,Africa,0.0,-14.8
Cinnamon,Congo,COG,Africa,0.0,3.9
Cinnamon,Cook Islands,COK,Oceania,0.0,0.1
Cinnamon,Costa Rica,CRI,North America,0.0,221.5
Cinnamon,Côte d'Ivoire,CIV,Africa,0.0,5.9
Cinnamon,Croatia,HRV,Europe,0.0,43.2
Cinnamon,Cuba,CUB,North America,0.0,2.9
Cinnamon,Cyprus,CYP,Europe,0.0,61.5
Cinnamon,Czechia,CZE,Europe,0.0,425.4
Cinnamon,Democratic People's Republic of Korea,PRK,Asia,0.0,0.2
Cinnamon,Democratic Republic of the Congo,COD,Africa,0.0,2.2
Cinnamon,Denmark,DNK,Europe,0.0,365.4
Cinnamon,Djibouti,DJI,Africa,0.0,-14.0
Cinnamon,Dominica,DMA,North America,33.9,35.0
Cinnamon,Dominican Republic,DOM,North America,0.0,1360.3
Cinnamon,Ecuador,ECU,South America,0.0,734.3
Cinnamon,Egypt,EGY,Africa,0.0,2420.3
Cinnamon,El Salvador,SLV,North America,0.0,251.3
Cinnamon,Equatorial Guinea,GNQ,Africa,0.0,0.8
Cinnamon,Estonia,EST,Europe,0.0,24.6
Cinnamon,Eswatini,SWZ,Africa,0.0,6.2
Cinnamon,Ethiopia,ETH,Africa,0.0,1825.0
Cinnamon,Faroe Islands,FRO,Europe,0.0,3.1
Cinnamon,Fiji,FJI,Oceania,0.0,39.1
Cinnamon,Finland,FIN,Europe,0.0,196.3
Cinnamon,France,FRA,Europe,0.0,997.7
Cinnamon,French Polynesia,PYF,Oceania,0.0,0.1
Cinnamon,Gabon,GAB,Africa,0.0,0.8
Cinnamon,Gambia,GMB,Africa,0.0,0.3
Cinnamon,Georgia,GEO,Asia,0.0,38.5
Cinnamon,Germany,DEU,Europe,0.0,2439.5
Cinnamon,Ghana,GHA,Africa,0.0,50.2
Cinnamon,Greece,GRC,Europe,0.0,634.9
Cinnamon,Grenada,GRD,North America,82.3,84.5
Cinnamon,Guatemala,GTM,North America,0.0,829.1
Cinnamon,Guinea,GIN,Africa,0.0,0.2
Cinnamon,Guinea-Bissau,GNB,Africa,0.0,0.4
Cinnamon,Guyana,GUY,South America,0.0,66.3
Cinnamon,Haiti,HTI,North America,0.0,9.2
Cinnamon,Honduras,HND,North America,0.0,240.1
Cinnamon,Hungary,HUN,Europe,0.0,290.5
Cinnamon,Iceland,ISL,Europe,0.0,21.7
Cinnamon,India,IND,Asia,0.0,40739.7
Cinnamon,Indonesia,IDN,Asia,55213.0,35049.5
Cinnamon,Iran (Islamic Republic of),IRN,Asia,0.0,3741.5
Cinnamon,Iraq,IRQ,Asia,0.0,1967.3
Cinnamon,Ireland,IRL,Europe,0.0,140.9
Cinnamon,Israel,ISR,Asia,0.0,372.8
Cinnamon,Italy,ITA,Europe,0.0,524.3
Cinnamon,Jamaica,JAM,North America,0.0,71.5
Cinnamon,Japan,JPN,Asia,0.0,2128.3
Cinnamon,Jordan,JOR,Asia,0.0,723.5
Cinnamon,Kazakhstan,KAZ,Asia,0.0,129.9
Cinnamon,Kenya,KEN,Africa,0.0,645.3
Cinnamon,Kiribati,KIR,Oceania,0.0,0.0
Cinnamon,Kuwait,KWT,Asia,0.0,843.4
Cinnamon,Kyrgyzstan,KGZ,Asia,0.0,6.6
Cinnamon,Lao People's Democratic Republic,LAO,Asia,0.0,-45.3
Cinnamon,Latvia,LVA,Europe,0.0,-26.9
Cinnamon,Lebanon,LBN,Asia,0.0,380.6
Cinnamon,Lesotho,LSO,Africa,0.0,1.4
Cinnamon,Liberia,LBR,Africa,0.0,13.2
Cinnamon,Libya,LBY,Africa,0.0,506.9
Cinnamon,Lithuania,LTU,Europe,0.0,57.8
Cinnamon,Luxembourg,LUX,Europe,0.0,7.8
Cinnamon,Madagascar,MDG,Africa,3248.5,1424.4
Cinnamon,Malawi,MWI,Africa,0.0,0.4
Cinnamon,Malaysia,MYS,Asia,0.0,1867.0
Cinnamon,Maldives,MDV,Asia,0.0,57.3
Cinnamon,Mali,MLI,Africa,0.0,3.1
Cinnamon,Malta,MLT,Europe,0.0,11.6
Cinnamon,Mauritania,MRT,Africa,0.0,1.6
Cinnamon,Mauritius,MUS,Africa,0.0,74.4
Cinnamon,Mexico,MEX,North America,0.0,8871.8
Cinnamon,Mongolia,MNG,Asia,0.0,0.4
Cinnamon,Montenegro,MNE,Europe,0.0,8.3
Cinnamon,Morocco,MAR,Africa,0.0,1978.9
Cinnamon,Mozambique,MOZ,Africa,0.0,10.2
Cinnamon,Myanmar,MMR,Asia,0.0,-60.1
Cinnamon,Namibia,NAM,Africa,0.0,-138.7
Cinnamon,Nauru,NRU,Oceania,0.0,0.0
Cinnamon,Nepal,NPL,Asia,0.0,-270.1
Cinnamon,Netherlands (Kingdom of the),NLD,Europe,0.0,59.8
Cinnamon,New Caledonia,NCL,Oceania,0.0,0.0
Cinnamon,New Zealand,NZL,Oceania,0.0,128.8
Cinnamon,Nicaragua,NIC,North America,0.0,273.1
Cinnamon,Niger,NER,Africa,0.0,0.1
Cinnamon,Nigeria,NGA,Africa,0.0,67.5
Cinnamon,Niue,NIU,Oceania,0.0,0.0
Cinnamon,North Macedonia,MKD,Europe,0.0,19.8
Cinnamon,Norway,NOR,Europe,0.0,219.9
Cinnamon,Oman,OMN,Asia,0.0,651.3
Cinnamon,Pakistan,PAK,Asia,0.0,6199.5
Cinnamon,Panama,PAN,North America,0.0,248.0
Cinnamon,Papua New Guinea,PNG,Oceania,0.0,3.6
Cinnamon,Paraguay,PRY,South America,0.0,18.1
Cinnamon,Peru,PER,South America,0.0,2350.8
Cinnamon,Philippines,PHL,Asia,0.0,149.0
Cinnamon,Poland,POL,Europe,0.0,956.5
Cinnamon,Portugal,PRT,Europe,0.0,695.7
Cinnamon,Qatar,QAT,Asia,0.0,349.7
Cinnamon,Republic of Korea,KOR,Asia,0.0,250.1
Cinnamon,Republic of Moldova,MDA,Europe,0.0,24.1
Cinnamon,Romania,ROU,Europe,0.0,295.8
Cinnamon,Russian Federation,RUS,Europe,0.0,496.6
Cinnamon,Rwanda,RWA,Africa,0.0,0.6
Cinnamon,Saint Kitts and Nevis,KNA,North America,0.0,0.0
Cinnamon,Saint Lucia,LCA,North America,0.0,-1.2
Cinnamon,Saint Vincent and the Grenadines,VCT,North America,0.0,0.2
Cinnamon,Samoa,WSM,Oceania,0.0,1.1
Cinnamon,Sao Tome and Principe,STP,Africa,57.7,58.0
Cinnamon,Saudi Arabia,SAU,Asia,0.0,4822.4
Cinnamon,Senegal,SEN,Africa,0.0,34.6
Cinnamon,Serbia,SRB,Europe,0.0,50.7
Cinnamon,Seychelles,SYC,Africa,0.0,-14.0
Cinnamon,Sierra Leone,SLE,Africa,0.0,-0.1
Cinnamon,Singapore,SGP,Asia,0.0,231.3
Cinnamon,Slovakia,SVK,Europe,0.0,105.0
Cinnamon,Slovenia,SVN,Europe,0.0,45.0
Cinnamon,Solomon Islands,SLB,Oceania,0.0,0.1
Cinnamon,Somalia,SOM,Africa,0.0,1156.0
Cinnamon,South Africa,ZAF,Africa,0.0,1023.2
Cinnamon,South Sudan,SSD,Africa,0.0,291.6
Cinnamon,Spain,ESP,Europe,0.0,1077.6
Cinnamon,Sri Lanka,LKA,Asia,22410.0,2749.9
Cinnamon,Sudan,SDN,Africa,0.0,1859.6
Cinnamon,Suriname,SUR,South America,0.0,6.9
Cinnamon,Sweden,SWE,Europe,0.0,597.1
Cinnamon,Switzerland,CHE,Europe,0.0,204.2
Cinnamon,Syrian Arab Republic,SYR,Asia,0.0,594.5
Cinnamon,Tajikistan,TJK,Asia,0.0,0.1
Cinnamon,Thailand,THA,Asia,0.0,1214.1
Cinnamon,Timor-Leste,TLS,Asia,124.3,124.4
Cinnamon,Tonga,TON,Oceania,0.0,0.0
Cinnamon,Trinidad and Tobago,TTO,North America,0.0,39.7
Cinnamon,Tunisia,TUN,Africa,0.0,58.8
Cinnamon,Türkiye,TUR,Asia,0.0,1622.5
Cinnamon,Uganda,UGA,Africa,0.0,60.7
Cinnamon,Ukraine,UKR,Europe,0.0,263.9
Cinnamon,United Arab Emirates,ARE,Asia,0.0,-76.1
Cinnamon,United Kingdom of Great Britain and Northern Ireland,GBR,Europe,0.0,2363.3
Cinnamon,United Republic of Tanzania,TZA,Africa,0.0,530.2
Cinnamon,United States of America,USA,North America,0.0,24921.1
Cinnamon,Uruguay,URY,South America,0.0,59.1
Cinnamon,Uzbekistan,UZB,Asia,0.0,66.8
Cinnamon,Vanuatu,VUT,Oceania,0.0,0.3
Cinnamon,Venezuela (Bolivarian Republic of),VEN,South America,0.0,56.6
Cinnamon,Viet Nam,VNM,Asia,65341.3,3026.8
Cinnamon,Yemen,YEM,Asia,0.0,1597.8
Cinnamon,Zambia,ZMB,Africa,0.0,4.9
Cinnamon,Zimbabwe,ZWE,Africa,0.0,5.8
Cloves,Afghanistan,AFG,Asia,0.0,145.8
Cloves,Albania,ALB,Europe,0.0,5.8
Cloves,Algeria,DZA,Africa,0.0,156.7
Cloves,Angola,AGO,Africa,0.0,3.7
Cloves,Antigua and Barbuda,ATG,North America,0.0,8.2
Cloves,Argentina,ARG,South America,0.0,57.0
Cloves,Armenia,ARM,Asia,0.0,10.4
Cloves,Australia,AUS,Oceania,0.0,142.4
Cloves,Austria,AUT,Europe,0.0,67.2
Cloves,Azerbaijan,AZE,Asia,0.0,40.3
Cloves,Bahamas,BHS,North America,0.0,3.2
Cloves,Bahrain,BHR,Asia,0.0,64.4
Cloves,Bangladesh,BGD,Asia,0.0,1655.8
Cloves,Barbados,BRB,North America,0.0,10.8
Cloves,Belarus,BLR,Europe,0.0,2.8
Cloves,Belgium,BEL,Europe,0.0,44.9
Cloves,Belize,BLZ,North America,0.0,0.0
Cloves,Benin,BEN,Africa,0.0,2.0
Cloves,Bhutan,BTN,Asia,0.0,4.0
Cloves,Bolivia (Plurinational State of),BOL,South America,0.0,83.7
Cloves,Bosnia and Herzegovina,BIH,Europe,0.0,4.4
Cloves,Botswana,BWA,Africa,0.0,4.5
Cloves,Brazil,BRA,South America,0.0,-237.8
Cloves,Brunei Darussalam,BRN,Asia,0.0,7.7
Cloves,Bulgaria,BGR,Europe,0.0,16.8
Cloves,Burundi,BDI,Africa,0.0,0.0
Cloves,Cabo Verde,CPV,Africa,0.0,3.5
Cloves,Cambodia,KHM,Asia,0.0,0.1
Cloves,Cameroon,CMR,Africa,0.0,7.0
Cloves,Canada,CAN,North America,0.0,259.4
Cloves,Chad,TCD,Africa,0.0,19.1
Cloves,Chile,CHL,South America,0.0,205.5
Cloves,"China, Hong Kong SAR",HKG,Asia,0.0,11.0
Cloves,"China, Macao SAR",MAC,Asia,0.0,0.2
Cloves,"China, mainland",CHN,Asia,1322.6,3430.6
Cloves,"China, Taiwan Province of",TWN,Asia,0.0,151.4
Cloves,Colombia,COL,South America,0.0,163.5
Cloves,Comoros,COM,Africa,7662.7,-1277.4
Cloves,Congo,COG,Africa,0.0,31.1
Cloves,Cook Islands,COK,Oceania,0.0,0.1
Cloves,Costa Rica,CRI,North America,0.0,24.9
Cloves,Côte d'Ivoire,CIV,Africa,0.0,6.3
Cloves,Croatia,HRV,Europe,0.0,10.7
Cloves,Cuba,CUB,North America,0.0,2.5
Cloves,Cyprus,CYP,Europe,0.0,11.9
Cloves,Czechia,CZE,Europe,0.0,49.8
Cloves,Democratic Republic of the Congo,COD,Africa,0.0,10.1
Cloves,Denmark,DNK,Europe,0.0,30.6
Cloves,Djibouti,DJI,Africa,0.0,96.3
Cloves,Dominica,DMA,North America,0.0,0.4
Cloves,Dominican Republic,DOM,North America,0.0,401.0
Cloves,Ecuador,ECU,South America,0.0,40.8
Cloves,Egypt,EGY,Africa,0.0,274.8
Cloves,El Salvador,SLV,North America,0.0,22.7
Cloves,Equatorial Guinea,GNQ,Africa,0.0,0.3
Cloves,Estonia,EST,Europe,0.0,4.4
Cloves,Eswatini,SWZ,Africa,0.0,3.1
Cloves,Ethiopia,ETH,Africa,0.0,452.6
Cloves,Faroe Islands,FRO,Europe,0.0,0.1
Cloves,Fiji,FJI,Oceania,0.0,38.9
Cloves,Finland,FIN,Europe,0.0,22.9
Cloves,France,FRA,Europe,0.0,178.1
Cloves,French Polynesia,PYF,Oceania,0.0,0.1
Cloves,Gabon,GAB,Africa,0.0,9.1
Cloves,Gambia,GMB,Africa,0.0,-0.0
Cloves,Georgia,GEO,Asia,0.0,11.0
Cloves,Germany,DEU,Europe,0.0,466.3
Cloves,Ghana,GHA,Africa,0.0,108.8
Cloves,Greece,GRC,Europe,0.0,47.4
Cloves,Grenada,GRD,North America,41.7,44.2
Cloves,Guatemala,GTM,North America,0.0,-8.2
Cloves,Guinea,GIN,Africa,0.0,26.4
Cloves,Guinea-Bissau,GNB,Africa,0.0,0.1
Cloves,Guyana,GUY,South America,0.0,20.5
Cloves,Haiti,HTI,North America,0.0,224.2
Cloves,Honduras,HND,North America,0.0,24.9
Cloves,Hungary,HUN,Europe,0.0,43.8
Cloves,Iceland,ISL,Europe,0.0,1.6
Cloves,India,IND,Asia,0.0,20651.6
Cloves,Indonesia,IDN,Asia,135178.0,145129.8
Cloves,Iran (Islamic Republic of),IRN,Asia,0.0,604.3
Cloves,Iraq,IRQ,Asia,0.0,1221.5
Cloves,Ireland,IRL,Europe,0.0,25.4
Cloves,Israel,ISR,Asia,0.0,15.2
Cloves,Italy,ITA,Europe,0.0,213.1
Cloves,Jamaica,JAM,North America,0.0,15.7
Cloves,Japan,JPN,Asia,0.0,377.5
Cloves,Jordan,JOR,Asia,0.0,94.6
Cloves,Kazakhstan,KAZ,Asia,0.0,38.0
Cloves,Kenya,KEN,Africa,2103.3,1782.7
Cloves,Kiribati,KIR,Oceania,0.0,0.0
Cloves,Kuwait,KWT,Asia,0.0,204.5
Cloves,Kyrgyzstan,KGZ,Asia,0.0,13.4
Cloves,Latvia,LVA,Europe,0.0,9.6
Cloves,Lebanon,LBN,Asia,0.0,119.0
Cloves,Lesotho,LSO,Africa,0.0,2.5
Cloves,Liberia,LBR,Africa,0.0,8.3
Cloves,Libya,LBY,Africa,0.0,163.5
Cloves,Lithuania,LTU,Europe,0.0,7.4
Cloves,Luxembourg,LUX,Europe,0.0,1.3
Cloves,Madagascar,MDG,Africa,24680.8,-15210.1
Cloves,Malawi,MWI,Africa,0.0,0.1
Cloves,Malaysia,MYS,Asia,221.1,728.7
Cloves,Maldives,MDV,Asia,0.0,82.0
Cloves,Mali,MLI,Africa,0.0,3.5
Cloves,Malta,MLT,Europe,0.0,2.6
Cloves,Mauritania,MRT,Africa,0.0,26.9
Cloves,Mauritius,MUS,Africa,0.0,42.8
Cloves,Mexico,MEX,North America,0.0,304.6
Cloves,Mongolia,MNG,Asia,0.0,-0.1
Cloves,Montenegro,MNE,Europe,0.0,0.8
Cloves,Morocco,MAR,Africa,0.0,157.6
Cloves,Mozambique,MOZ,Africa,0.0,0.7
Cloves,Myanmar,MMR,Asia,0.0,82.1
Cloves,Namibia,NAM,Africa,0.0,3.4
Cloves,Nauru,NRU,Oceania,0.0,0.0
Cloves,Nepal,NPL,Asia,0.0,247.6
Cloves,Netherlands (Kingdom of the),NLD,Europe,0.0,214.9
Cloves,New Caledonia,NCL,Oceania,0.0,0.1
Cloves,New Zealand,NZL,Oceania,0.0,25.6
Cloves,Nicaragua,NIC,North America,0.0,16.1
Cloves,Niger,NER,Africa,0.0,1.1
Cloves,Nigeria,NGA,Africa,0.0,495.1
Cloves,North Macedonia,MKD,Europe,0.0,1.9
Cloves,Norway,NOR,Europe,0.0,21.6
Cloves,Oman,OMN,Asia,0.0,194.4
Cloves,Pakistan,PAK,Asia,0.0,1556.0
Cloves,Panama,PAN,North America,0.0,25.0
Cloves,Papua New Guinea,PNG,Oceania,0.0,0.2
Cloves,Paraguay,PRY,South America,0.0,0.3
Cloves,Peru,PER,South America,0.0,682.9
Cloves,Philippines,PHL,Asia,0.0,2.6
Cloves,Poland,POL,Europe,0.0,260.6
Cloves,Portugal,PRT,Europe,0.0,16.9
Cloves,Qatar,QAT,Asia,0.0,192.5
Cloves,Republic of Korea,KOR,Asia,0.0,80.6
Cloves,Republic of Moldova,MDA,Europe,0.0,2.2
Cloves,Romania,ROU,Europe,0.0,36.9
Cloves,Russian Federation,RUS,Europe,0.0,209.8
Cloves,Rwanda,RWA,Africa,0.0,0.4
Cloves,Saint Kitts and Nevis,KNA,North America,0.0,0.0
Cloves,Saint Lucia,LCA,North America,0.0,1.6
Cloves,Saint Vincent and the Grenadines,VCT,North America,0.0,0.2
Cloves,Samoa,WSM,Oceania,0.0,0.2
Cloves,Sao Tome and Principe,STP,Africa,0.0,0.1
Cloves,Saudi Arabia,SAU,Asia,0.0,1990.9
Cloves,Senegal,SEN,Africa,0.0,382.8
Cloves,Serbia,SRB,Europe,0.0,6.7
Cloves,Seychelles,SYC,Africa,0.0,9.8
Cloves,Sierra Leone,SLE,Africa,0.0,0.2
Cloves,Singapore,SGP,Asia,0.0,-676.5
Cloves,Slovakia,SVK,Europe,0.0,22.0
Cloves,Slovenia,SVN,Europe,0.0,5.7
Cloves,Solomon Islands,SLB,Oceania,0.0,0.0
Cloves,Somalia,SOM,Africa,0.0,176.1
Cloves,South Africa,ZAF,Africa,0.0,366.4
Cloves,South Sudan,SSD,Africa,0.0,90.8
Cloves,Spain,ESP,Europe,0.0,49.4
Cloves,Sri Lanka,LKA,Asia,5899.0,67.2
Cloves,Sudan,SDN,Africa,0.0,431.0
Cloves,Suriname,SUR,South America,0.0,0.7
Cloves,Sweden,SWE,Europe,0.0,99.8
Cloves,Switzerland,CHE,Europe,0.0,34.3
Cloves,Syrian Arab Republic,SYR,Asia,0.0,480.1
Cloves,Thailand,THA,Asia,0.0,117.4
Cloves,Timor-Leste,TLS,Asia,0.0,-47.2
Cloves,Tonga,TON,Oceania,0.0,0.1
Cloves,Trinidad and Tobago,TTO,North America,0.0,41.4
Cloves,Tunisia,TUN,Africa,0.0,63.8
Cloves,Türkiye,TUR,Asia,0.0,422.6
Cloves,Turkmenistan,TKM,Asia,0.0,0.0
Cloves,Uganda,UGA,Africa,0.0,3.9
Cloves,Ukraine,UKR,Europe,0.0,53.1
Cloves,United Arab Emirates,ARE,Asia,0.0,-147.8
Cloves,United Kingdom of Great Britain and Northern Ireland,GBR,Europe,0.0,466.5
Cloves,United Republic of Tanzania,TZA,Africa,8581.9,3955.5
Cloves,United States of America,USA,North America,0.0,1838.2
Cloves,Uruguay,URY,South America,0.0,3.0
Cloves,Uzbekistan,UZB,Asia,0.0,28.1
Cloves,Vanuatu,VUT,Oceania,0.0,0.1
Cloves,Venezuela (Bolivarian Republic of),VEN,South America,0.0,34.2
Cloves,Viet Nam,VNM,Asia,0.0,603.4
Cloves,Yemen,YEM,Asia,0.0,503.9
Cloves,Zambia,ZMB,Africa,0.0,12.8
Cloves,Zimbabwe,ZWE,Africa,0.0,6.5
Ginger,Afghanistan,AFG,Asia,0.0,301.2
Ginger,Albania,ALB,Europe,0.0,125.3
Ginger,Algeria,DZA,Africa,0.0,1527.8
Ginger,Angola,AGO,Africa,0.0,82.3
Ginger,Antigua and Barbuda,ATG,North America,0.0,53.3
Ginger,Argentina,ARG,South America,0.0,1308.5
Ginger,Armenia,ARM,Asia,0.0,76.4
Ginger,Australia,AUS,Oceania,4922.0,5605.2
Ginger,Austria,AUT,Europe,0.0,2147.8
Ginger,Azerbaijan,AZE,Asia,0.0,335.7
Ginger,Bahamas,BHS,North America,0.0,153.0
Ginger,Bahrain,BHR,Asia,0.0,2427.4
Ginger,Bangladesh,BGD,Asia,83726.0,151693.0
Ginger,Barbados,BRB,North America,0.0,115.7
Ginger,Belarus,BLR,Europe,0.0,1293.9
Ginger,Belgium,BEL,Europe,0.0,1384.5
Ginger,Belize,BLZ,North America,81.0,81.1
Ginger,Benin,BEN,Africa,0.0,551.0
Ginger,Bhutan,BTN,Asia,3076.0,2525.3
Ginger,Bolivia (Plurinational State of),BOL,South America,0.0,1.0
Ginger,Bosnia and Herzegovina,BIH,Europe,0.0,184.3
Ginger,Botswana,BWA,Africa,0.0,125.6
Ginger,Brazil,BRA,South America,0.0,-31832.3
Ginger,Brunei Darussalam,BRN,Asia,0.0,2126.0
Ginger,Bulgaria,BGR,Europe,0.0,847.9
Ginger,Burkina Faso,BFA,Africa,0.0,439.5
Ginger,Burundi,BDI,Africa,0.0,600.4
Ginger,Cabo Verde,CPV,Africa,0.0,39.8
Ginger,Cambodia,KHM,Asia,0.0,-19.1
Ginger,Cameroon,CMR,Africa,51763.5,51564.1
Ginger,Canada,CAN,North America,0.0,19285.2
Ginger,Central African Republic,CAF,Africa,0.0,68.1
Ginger,Chad,TCD,Africa,0.0,0.0
Ginger,Chile,CHL,South America,0.0,1767.2
Ginger,"China, Hong Kong SAR",HKG,Asia,0.0,592.2
Ginger,"China, Macao SAR",MAC,Asia,0.0,1516.3
Ginger,"China, mainland",CHN,Asia,672914.4,395446.5
Ginger,"China, Taiwan Province of",TWN,Asia,24433.2,23981.8
Ginger,Colombia,COL,South America,0.0,923.1
Ginger,Comoros,COM,Africa,0.0,19.8
Ginger,Congo,COG,Africa,0.0,2.4
Ginger,Cook Islands,COK,Oceania,0.0,5.5
Ginger,Costa Rica,CRI,North America,3893.4,-110.4
Ginger,Côte d'Ivoire,CIV,Africa,6908.2,-3323.0
Ginger,Croatia,HRV,Europe,0.0,486.3
Ginger,Cuba,CUB,North America,0.0,7.4
Ginger,Cyprus,CYP,Europe,0.0,172.6
Ginger,Czechia,CZE,Europe,0.0,1940.3
Ginger,Democratic Republic of the Congo,COD,Africa,0.0,44.2
Ginger,Denmark,DNK,Europe,0.0,1882.2
Ginger,Djibouti,DJI,Africa,0.0,622.7
Ginger,Dominica,DMA,North America,167.9,-50.1
Ginger,Dominican Republic,DOM,North America,199.7,311.6
Ginger,Ecuador,ECU,South America,0.0,-2094.5
Ginger,Egypt,EGY,Africa,0.0,1399.0
Ginger,El Salvador,SLV,North America,0.0,163.7
Ginger,Equatorial Guinea,GNQ,Africa,0.0,1.3
Ginger,Eritrea,ERI,Africa,0.0,7.0
Ginger,Estonia,EST,Europe,0.0,118.7
Ginger,Eswatini,SWZ,Africa,0.0,40.1
Ginger,Ethiopia,ETH,Africa,9734.4,9691.7
Ginger,Faroe Islands,FRO,Europe,0.0,8.4
Ginger,Finland,FIN,Europe,0.0,557.6
Ginger,France,FRA,Europe,0.0,6979.4
Ginger,French Polynesia,PYF,Oceania,61.6,66.8
Ginger,Gabon,GAB,Africa,0.0,4.7
Ginger,Gambia,GMB,Africa,0.0,14.6
Ginger,Georgia,GEO,Asia,0.0,134.9
Ginger,Germany,DEU,Europe,0.0,22239.8
Ginger,Ghana,GHA,Africa,95.9,46.1
Ginger,Greece,GRC,Europe,0.0,859.1
Ginger,Grenada,GRD,North America,130.0,147.0
Ginger,Guatemala,GTM,North America,0.0,29.6
Ginger,Guinea,GIN,Africa,0.0,-2.6
Ginger,Guinea-Bissau,GNB,Africa,0.0,0.1
Ginger,Guyana,GUY,South America,51168.6,51231.8
Ginger,Honduras,HND,North America,0.0,-1638.9
Ginger,Hungary,HUN,Europe,0.0,682.4
Ginger,Iceland,ISL,Europe,0.0,120.0
Ginger,India,IND,Asia,2201000.0,2184135.8
Ginger,Indonesia,IDN,Asia,198873.3,164195.6
Ginger,Iran (Islamic Republic of),IRN,Asia,0.0,3012.5
Ginger,Iraq,IRQ,Asia,0.0,2058.8
Ginger,Ireland,IRL,Europe,0.0,1183.9
Ginger,Israel,ISR,Asia,0.0,1855.1
Ginger,Italy,ITA,Europe,0.0,5313.9
Ginger,Jamaica,JAM,North America,941.0,985.1
Ginger,Japan,JPN,Asia,45032.8,96609.9
Ginger,Jordan,JOR,Asia,0.0,948.2
Ginger,Kazakhstan,KAZ,Asia,0.0,832.5
Ginger,Kenya,KEN,Africa,740.4,1729.9
Ginger,Kiribati,KIR,Oceania,0.0,6.1
Ginger,Kuwait,KWT,Asia,0.0,6276.2
Ginger,Kyrgyzstan,KGZ,Asia,0.0,134.0
Ginger,Lao People's Democratic Republic,LAO,Asia,0.0,-2374.7
Ginger,Latvia,LVA,Europe,0.0,23.1
Ginger,Lebanon,LBN,Asia,0.0,464.1
Ginger,Lesotho,LSO,Africa,0.0,72.6
Ginger,Liberia,LBR,Africa,0.0,14.6
Ginger,Libya,LBY,Africa,0.0,642.0
Ginger,Lithuania,LTU,Europe,0.0,294.4
Ginger,Luxembourg,LUX,Europe,0.0,107.3
Ginger,Madagascar,MDG,Africa,392.9,145.5
Ginger,Malawi,MWI,Africa,0.0,579.8
Ginger,Malaysia,MYS,Asia,9089.9,62175.8
Ginger,Maldives,MDV,Asia,0.0,588.9
Ginger,Mali,MLI,Africa,36783.4,41209.4
Ginger,Malta,MLT,Europe,0.0,142.6
Ginger,Mauritania,MRT,Africa,0.0,66.9
Ginger,Mauritius,MUS,Africa,1758.0,1768.9
Ginger,Mexico,MEX,North America,2705.2,836.0
Ginger,Mongolia,MNG,Asia,0.0,10.2
Ginger,Montenegro,MNE,Europe,0.0,77.7
Ginger,Morocco,MAR,Africa,0.0,7388.8
Ginger,Mozambique,MOZ,Africa,0.0,-457.9
Ginger,Myanmar,MMR,Asia,0.0,-21720.9
Ginger,Namibia,NAM,Africa,0.0,92.2
Ginger,Nauru,NRU,Oceania,0.0,0.3
Ginger,Nepal,NPL,Asia,309533.2,292214.5
Ginger,Netherlands (Kingdom of the),NLD,Europe,0.0,37658.5
Ginger,New Caledonia,NCL,Oceania,0.0,49.7
Ginger,New Zealand,NZL,Oceania,0.0,2029.1
Ginger,Nicaragua,NIC,North America,0.0,-424.7
Ginger,Niger,NER,Africa,0.0,193.9
Ginger,Nigeria,NGA,Africa,781640.7,728155.9
Ginger,Niue,NIU,Oceania,0.0,0.3
Ginger,North Macedonia,MKD,Europe,0.0,134.5
Ginger,Norway,NOR,Europe,0.0,1192.0
Ginger,Oman,OMN,Asia,0.0,7130.3
Ginger,Pakistan,PAK,Asia,5.0,75274.2
Ginger,Palestine,PSE,Asia,0.0,8.2
Ginger,Panama,PAN,North America,5018.0,4925.6
Ginger,Papua New Guinea,PNG,Oceania,0.0,1.2
Ginger,Paraguay,PRY,South America,0.0,1.8
Ginger,Peru,PER,South America,62228.7,-11595.1
Ginger,Philippines,PHL,Asia,29153.7,29795.9
Ginger,Poland,POL,Europe,0.0,4674.9
Ginger,Portugal,PRT,Europe,0.0,1416.8
Ginger,Qatar,QAT,Asia,0.0,7154.0
Ginger,Republic of Korea,KOR,Asia,26012.0,31678.4
Ginger,Republic of Moldova,MDA,Europe,0.0,168.6
Ginger,Romania,ROU,Europe,0.0,1002.0
Ginger,Russian Federation,RUS,Europe,0.0,6237.4
Ginger,Rwanda,RWA,Africa,0.0,38.9
Ginger,Saint Kitts and Nevis,KNA,North America,0.0,16.4
Ginger,Saint Lucia,LCA,North America,23.0,36.5
Ginger,Saint Vincent and the Grenadines,VCT,North America,0.0,-659.0
Ginger,Samoa,WSM,Oceania,0.0,0.5
Ginger,Sao Tome and Principe,STP,Africa,0.0,0.4
Ginger,Saudi Arabia,SAU,Asia,0.0,30929.1
Ginger,Senegal,SEN,Africa,0.0,3872.7
Ginger,Serbia,SRB,Europe,0.0,548.2
Ginger,Seychelles,SYC,Africa,0.0,299.6
Ginger,Sierra Leone,SLE,Africa,0.0,0.6
Ginger,Singapore,SGP,Asia,0.0,10165.9
Ginger,Slovakia,SVK,Europe,0.0,480.6
Ginger,Slovenia,SVN,Europe,0.0,22.7
Ginger,Solomon Islands,SLB,Oceania,0.0,0.6
Ginger,Somalia,SOM,Africa,0.0,1079.8
Ginger,South Africa,ZAF,Africa,0.0,1967.3
Ginger,South Sudan,SSD,Africa,0.0,684.4
Ginger,Spain,ESP,Europe,0.0,4847.0
Ginger,Sri Lanka,LKA,Asia,59514.0,59416.7
Ginger,Sudan,SDN,Africa,0.0,1932.5
Ginger,Suriname,SUR,South America,0.0,80.1
Ginger,Sweden,SWE,Europe,0.0,2415.8
Ginger,Switzerland,CHE,Europe,0.0,2345.3
Ginger,Syrian Arab Republic,SYR,Asia,0.0,86.5
Ginger,Tajikistan,TJK,Asia,0.0,4.0
Ginger,Thailand,THA,Asia,174103.2,97378.2
Ginger,Timor-Leste,TLS,Asia,0.0,4.1
Ginger,Togo,TGO,Africa,0.0,6.1
Ginger,Tonga,TON,Oceania,0.0,6.7
Ginger,Trinidad and Tobago,TTO,North America,11.0,351.1
Ginger,Tunisia,TUN,Africa,0.0,375.9
Ginger,Türkiye,TUR,Asia,0.0,2419.2
Ginger,Turkmenistan,TKM,Asia,0.0,0.0
Ginger,Uganda,UGA,Africa,1589.8,-2349.6
Ginger,Ukraine,UKR,Europe,0.0,1656.3
Ginger,United Arab Emirates,ARE,Asia,0.0,19596.0
Ginger,United Kingdom of Great Britain and Northern Ireland,GBR,Europe,0.0,25928.2
Ginger,United Republic of Tanzania,TZA,Africa,987.7,198.3
Ginger,United States of America,USA,North America,661.8,88694.6
Ginger,Uruguay,URY,South America,0.0,324.6
Ginger,Uzbekistan,UZB,Asia,0.0,308.8
Ginger,Vanuatu,VUT,Oceania,180.0,180.1
Ginger,Venezuela (Bolivarian Republic of),VEN,South America,0.0,6.0
Ginger,Viet Nam,VNM,Asia,0.0,2698.7
Ginger,Yemen,YEM,Asia,0.0,9725.7
Ginger,Zambia,ZMB,Africa,0.0,-166.6
Ginger,Zimbabwe,ZWE,Africa,0.0,15.0
Nutmeg/Mace/Cardamom,Afghanistan,AFG,Asia,0.0,820.6
Nutmeg/Mace/Cardamom,Albania,ALB,Europe,0.0,1.7
Nutmeg/Mace/Cardamom,Algeria,DZA,Africa,0.0,29.4
Nutmeg/Mace/Cardamom,Angola,AGO,Africa,0.0,7.0
Nutmeg/Mace/Cardamom,Antigua and Barbuda,ATG,North America,0.0,13.0
Nutmeg/Mace/Cardamom,Argentina,ARG,South America,0.0,355.3
Nutmeg/Mace/Cardamom,Armenia,ARM,Asia,0.0,2.8
Nutmeg/Mace/Cardamom,Australia,AUS,Oceania,0.0,477.6
Nutmeg/Mace/Cardamom,Austria,AUT,Europe,0.0,230.9
Nutmeg/Mace/Cardamom,Azerbaijan,AZE,Asia,0.0,14.5
Nutmeg/Mace/Cardamom,Bahamas,BHS,North America,0.0,5.7
Nutmeg/Mace/Cardamom,Bahrain,BHR,Asia,0.0,248.5
Nutmeg/Mace/Cardamom,Bangladesh,BGD,Asia,0.0,5302.0
Nutmeg/Mace/Cardamom,Barbados,BRB,North America,0.0,12.9
Nutmeg/Mace/Cardamom,Belarus,BLR,Europe,0.0,1.4
Nutmeg/Mace/Cardamom,Belgium,BEL,Europe,0.0,366.0
Nutmeg/Mace/Cardamom,Belize,BLZ,North America,0.0,0.1
Nutmeg/Mace/Cardamom,Benin,BEN,Africa,0.0,1.6
Nutmeg/Mace/Cardamom,Bhutan,BTN,Asia,1103.6,814.5
Nutmeg/Mace/Cardamom,Bolivia (Plurinational State of),BOL,South America,0.0,2.2
Nutmeg/Mace/Cardamom,Bosnia and Herzegovina,BIH,Europe,0.0,2.6
Nutmeg/Mace/Cardamom,Botswana,BWA,Africa,0.0,3.5
Nutmeg/Mace/Cardamom,Brazil,BRA,South America,0.0,396.1
Nutmeg/Mace/Cardamom,Brunei Darussalam,BRN,Asia,0.0,5.4
Nutmeg/Mace/Cardamom,Bulgaria,BGR,Europe,0.0,29.3
Nutmeg/Mace/Cardamom,Burundi,BDI,Africa,0.0,1.3
Nutmeg/Mace/Cardamom,Cabo Verde,CPV,Africa,0.0,6.2
Nutmeg/Mace/Cardamom,Cambodia,KHM,Asia,0.0,12.8
Nutmeg/Mace/Cardamom,Cameroon,CMR,Africa,0.0,37.5
Nutmeg/Mace/Cardamom,Canada,CAN,North America,0.0,831.7
Nutmeg/Mace/Cardamom,Chad,TCD,Africa,0.0,1.4
Nutmeg/Mace/Cardamom,Chile,CHL,South America,0.0,34.6
Nutmeg/Mace/Cardamom,"China, Hong Kong SAR",HKG,Asia,0.0,-7.8
Nutmeg/Mace/Cardamom,"China, Macao SAR",MAC,Asia,0.0,14.4
Nutmeg/Mace/Cardamom,"China, mainland",CHN,Asia,0.0,30684.9
Nutmeg/Mace/Cardamom,"China, Taiwan Province of",TWN,Asia,0.0,234.3
Nutmeg/Mace/Cardamom,Colombia,COL,South America,0.0,44.2
Nutmeg/Mace/Cardamom,Comoros,COM,Africa,0.0,22.2
Nutmeg/Mace/Cardamom,Congo,COG,Africa,0.0,38.6
Nutmeg/Mace/Cardamom,Cook Islands,COK,Oceania,0.0,0.1
Nutmeg/Mace/Cardamom,Costa Rica,CRI,North America,0.0,14.6
Nutmeg/Mace/Cardamom,Côte d'Ivoire,CIV,Africa,0.0,4.3
Nutmeg/Mace/Cardamom,Croatia,HRV,Europe,0.0,53.2
Nutmeg/Mace/Cardamom,Cuba,CUB,North America,0.0,18.1
Nutmeg/Mace/Cardamom,Cyprus,CYP,Europe,0.0,9.8
Nutmeg/Mace/Cardamom,Czechia,CZE,Europe,0.0,47.5
Nutmeg/Mace/Cardamom,Democratic Republic of the Congo,COD,Africa,0.0,98.9
Nutmeg/Mace/Cardamom,Denmark,DNK,Europe,0.0,105.2
Nutmeg/Mace/Cardamom,Djibouti,DJI,Africa,0.0,3.5
Nutmeg/Mace/Cardamom,Dominica,DMA,North America,2.5,6.2
Nutmeg/Mace/Cardamom,Dominican Republic,DOM,North America,0.0,281.5
Nutmeg/Mace/Cardamom,Ecuador,ECU,South America,0.0,-2.1
Nutmeg/Mace/Cardamom,Egypt,EGY,Africa,0.0,2371.2
Nutmeg/Mace/Cardamom,El Salvador,SLV,North America,0.0,5.6
Nutmeg/Mace/Cardamom,Equatorial Guinea,GNQ,Africa,0.0,0.3
Nutmeg/Mace/Cardamom,Eritrea,ERI,Africa,0.0,0.0
Nutmeg/Mace/Cardamom,Estonia,EST,Europe,0.0,40.5
Nutmeg/Mace/Cardamom,Eswatini,SWZ,Africa,0.0,0.2
Nutmeg/Mace/Cardamom,Ethiopia,ETH,Africa,163.8,378.3
Nutmeg/Mace/Cardamom,Faroe Islands,FRO,Europe,0.0,0.6
Nutmeg/Mace/Cardamom,Fiji,FJI,Oceania,0.0,39.6
Nutmeg/Mace/Cardamom,Finland,FIN,Europe,0.0,116.0
Nutmeg/Mace/Cardamom,France,FRA,Europe,0.0,744.8
Nutmeg/Mace/Cardamom,French Polynesia,PYF,Oceania,0.0,0.0
Nutmeg/Mace/Cardamom,Gabon,GAB,Africa,0.0,0.3
Nutmeg/Mace/Cardamom,Gambia,GMB,Africa,0.0,-5.0
Nutmeg/Mace/Cardamom,Georgia,GEO,Asia,0.0,8.8
Nutmeg/Mace/Cardamom,Germany,DEU,Europe,0.0,1744.7
Nutmeg/Mace/Cardamom,Ghana,GHA,Africa,0.0,309.7
Nutmeg/Mace/Cardamom,Greece,GRC,Europe,0.0,70.9
Nutmeg/Mace/Cardamom,Grenada,GRD,North America,714.0,171.4
Nutmeg/Mace/Cardamom,Guatemala,GTM,North America,95210.9,45558.3
Nutmeg/Mace/Cardamom,Guinea,GIN,Africa,0.0,1.5
Nutmeg/Mace/Cardamom,Guinea-Bissau,GNB,Africa,0.0,0.0
Nutmeg/Mace/Cardamom,Guyana,GUY,South America,0.0,18.1
Nutmeg/Mace/Cardamom,Haiti,HTI,North America,0.0,6.9
Nutmeg/Mace/Cardamom,Honduras,HND,North America,603.8,387.7
Nutmeg/Mace/Cardamom,Hungary,HUN,Europe,0.0,46.0
Nutmeg/Mace/Cardamom,Iceland,ISL,Europe,0.0,5.9
Nutmeg/Mace/Cardamom,India,IND,Asia,54000.0,58234.1
Nutmeg/Mace/Cardamom,Indonesia,IDN,Asia,43790.0,-775.0
Nutmeg/Mace/Cardamom,Iran (Islamic Republic of),IRN,Asia,0.0,1345.9
Nutmeg/Mace/Cardamom,Iraq,IRQ,Asia,0.0,2269.9
Nutmeg/Mace/Cardamom,Ireland,IRL,Europe,0.0,37.8
Nutmeg/Mace/Cardamom,Israel,ISR,Asia,0.0,277.8
Nutmeg/Mace/Cardamom,Italy,ITA,Europe,0.0,507.6
Nutmeg/Mace/Cardamom,Jamaica,JAM,North America,0.0,52.5
Nutmeg/Mace/Cardamom,Japan,JPN,Asia,0.0,846.0
Nutmeg/Mace/Cardamom,Jordan,JOR,Asia,0.0,1869.3
Nutmeg/Mace/Cardamom,Kazakhstan,KAZ,Asia,0.0,21.9
Nutmeg/Mace/Cardamom,Kenya,KEN,Africa,59.0,90.8
Nutmeg/Mace/Cardamom,Kuwait,KWT,Asia,0.0,804.7
Nutmeg/Mace/Cardamom,Kyrgyzstan,KGZ,Asia,0.0,9.9
Nutmeg/Mace/Cardamom,Lao People's Democratic Republic,LAO,Asia,9142.5,9118.6
Nutmeg/Mace/Cardamom,Latvia,LVA,Europe,0.0,-33.7
Nutmeg/Mace/Cardamom,Lebanon,LBN,Asia,0.0,244.8
Nutmeg/Mace/Cardamom,Lesotho,LSO,Africa,0.0,0.1
Nutmeg/Mace/Cardamom,Liberia,LBR,Africa,0.0,19.8
Nutmeg/Mace/Cardamom,Libya,LBY,Africa,0.0,141.2
Nutmeg/Mace/Cardamom,Lithuania,LTU,Europe,0.0,31.9
Nutmeg/Mace/Cardamom,Luxembourg,LUX,Europe,0.0,6.0
Nutmeg/Mace/Cardamom,Madagascar,MDG,Africa,16.6,16.9
Nutmeg/Mace/Cardamom,Malawi,MWI,Africa,91.1,91.2
Nutmeg/Mace/Cardamom,Malaysia,MYS,Asia,232.4,1013.5
Nutmeg/Mace/Cardamom,Maldives,MDV,Asia,0.0,115.1
Nutmeg/Mace/Cardamom,Mali,MLI,Africa,0.0,-9.5
Nutmeg/Mace/Cardamom,Malta,MLT,Europe,0.0,5.4
Nutmeg/Mace/Cardamom,Mauritania,MRT,Africa,0.0,1.6
Nutmeg/Mace/Cardamom,Mauritius,MUS,Africa,0.0,36.0
Nutmeg/Mace/Cardamom,Mexico,MEX,North America,0.0,14.7
Nutmeg/Mace/Cardamom,Mongolia,MNG,Asia,0.0,0.0
Nutmeg/Mace/Cardamom,Montenegro,MNE,Europe,0.0,0.7
Nutmeg/Mace/Cardamom,Morocco,MAR,Africa,0.0,273.5
Nutmeg/Mace/Cardamom,Mozambique,MOZ,Africa,0.0,4.1
Nutmeg/Mace/Cardamom,Myanmar,MMR,Asia,0.0,-20.5
Nutmeg/Mace/Cardamom,Namibia,NAM,Africa,0.0,11.5
Nutmeg/Mace/Cardamom,Nauru,NRU,Oceania,0.0,0.0
Nutmeg/Mace/Cardamom,Nepal,NPL,Asia,8674.0,1441.5
Nutmeg/Mace/Cardamom,Netherlands (Kingdom of the),NLD,Europe,0.0,388.3
Nutmeg/Mace/Cardamom,New Caledonia,NCL,Oceania,0.0,0.2
Nutmeg/Mace/Cardamom,New Zealand,NZL,Oceania,0.0,80.2
Nutmeg/Mace/Cardamom,Nicaragua,NIC,North America,0.0,8.8
Nutmeg/Mace/Cardamom,Niger,NER,Africa,0.0,2.2
Nutmeg/Mace/Cardamom,Nigeria,NGA,Africa,0.0,223.5
Nutmeg/Mace/Cardamom,North Macedonia,MKD,Europe,0.0,0.8
Nutmeg/Mace/Cardamom,Norway,NOR,Europe,0.0,220.3
Nutmeg/Mace/Cardamom,Oman,OMN,Asia,0.0,700.3
Nutmeg/Mace/Cardamom,Pakistan,PAK,Asia,0.0,3342.3
Nutmeg/Mace/Cardamom,Palestine,PSE,Asia,0.0,16.0
Nutmeg/Mace/Cardamom,Panama,PAN,North America,0.0,20.8
Nutmeg/Mace/Cardamom,Papua New Guinea,PNG,Oceania,113.5,96.0
Nutmeg/Mace/Cardamom,Paraguay,PRY,South America,0.0,0.9
Nutmeg/Mace/Cardamom,Peru,PER,South America,0.0,3.3
Nutmeg/Mace/Cardamom,Philippines,PHL,Asia,0.0,81.8
Nutmeg/Mace/Cardamom,Poland,POL,Europe,0.0,287.8
Nutmeg/Mace/Cardamom,Portugal,PRT,Europe,0.0,56.2
Nutmeg/Mace/Cardamom,Qatar,QAT,Asia,0.0,438.4
Nutmeg/Mace/Cardamom,Republic of Korea,KOR,Asia,0.0,215.2
Nutmeg/Mace/Cardamom,Republic of Moldova,MDA,Europe,0.0,3.1
Nutmeg/Mace/Cardamom,Romania,ROU,Europe,0.0,21.1
Nutmeg/Mace/Cardamom,Russian Federation,RUS,Europe,0.0,193.5
Nutmeg/Mace/Cardamom,Rwanda,RWA,Africa,0.0,8.2
Nutmeg/Mace/Cardamom,Saint Kitts and Nevis,KNA,North America,0.0,0.0
Nutmeg/Mace/Cardamom,Saint Vincent and the Grenadines,VCT,North America,55.0,51.9
Nutmeg/Mace/Cardamom,Samoa,WSM,Oceania,0.0,0.2
Nutmeg/Mace/Cardamom,Sao Tome and Principe,STP,Africa,0.0,0.2
Nutmeg/Mace/Cardamom,Saudi Arabia,SAU,Asia,0.0,7852.5
Nutmeg/Mace/Cardamom,Senegal,SEN,Africa,0.0,81.3
Nutmeg/Mace/Cardamom,Serbia,SRB,Europe,0.0,5.8
Nutmeg/Mace/Cardamom,Seychelles,SYC,Africa,0.0,20.8
Nutmeg/Mace/Cardamom,Sierra Leone,SLE,Africa,0.0,0.2
Nutmeg/Mace/Cardamom,Singapore,SGP,Asia,0.0,666.0
Nutmeg/Mace/Cardamom,Slovakia,SVK,Europe,0.0,19.7
Nutmeg/Mace/Cardamom,Slovenia,SVN,Europe,0.0,8.9
Nutmeg/Mace/Cardamom,Solomon Islands,SLB,Oceania,0.0,0.0
Nutmeg/Mace/Cardamom,Somalia,SOM,Africa,0.0,723.3
Nutmeg/Mace/Cardamom,South Africa,ZAF,Africa,0.0,386.0
Nutmeg/Mace/Cardamom,South Sudan,SSD,Africa,0.0,10.7
Nutmeg/Mace/Cardamom,Spain,ESP,Europe,0.0,849.1
Nutmeg/Mace/Cardamom,Sri Lanka,LKA,Asia,4059.0,1333.5
Nutmeg/Mace/Cardamom,Sudan,SDN,Africa,0.0,520.3
Nutmeg/Mace/Cardamom,Suriname,SUR,South America,0.0,0.6
Nutmeg/Mace/Cardamom,Sweden,SWE,Europe,0.0,176.4
Nutmeg/Mace/Cardamom,Switzerland,CHE,Europe,0.0,169.9
Nutmeg/Mace/Cardamom,Syrian Arab Republic,SYR,Asia,0.0,2030.3
Nutmeg/Mace/Cardamom,Tajikistan,TJK,Asia,0.0,0.0
Nutmeg/Mace/Cardamom,Thailand,THA,Asia,0.0,230.0
Nutmeg/Mace/Cardamom,Timor-Leste,TLS,Asia,0.0,3.5
Nutmeg/Mace/Cardamom,Tonga,TON,Oceania,0.0,0.0
Nutmeg/Mace/Cardamom,Trinidad and Tobago,TTO,North America,321.1,335.5
Nutmeg/Mace/Cardamom,Tunisia,TUN,Africa,0.0,36.3
Nutmeg/Mace/Cardamom,Türkiye,TUR,Asia,0.0,2295.6
Nutmeg/Mace/Cardamom,Turkmenistan,TKM,Asia,0.0,0.2
Nutmeg/Mace/Cardamom,Uganda,UGA,Africa,0.0,9.5
Nutmeg/Mace/Cardamom,Ukraine,UKR,Europe,0.0,61.4
Nutmeg/Mace/Cardamom,United Arab Emirates,ARE,Asia,0.0,352.9
Nutmeg/Mace/Cardamom,United Kingdom of Great Britain and Northern Ireland,GBR,Europe,0.0,1287.9
Nutmeg/Mace/Cardamom,United Republic of Tanzania,TZA,Africa,800.3,692.8
Nutmeg/Mace/Cardamom,United States of America,USA,North America,0.0,2941.0
Nutmeg/Mace/Cardamom,Uruguay,URY,South America,0.0,32.8
Nutmeg/Mace/Cardamom,Uzbekistan,UZB,Asia,0.0,19.6
Nutmeg/Mace/Cardamom,Vanuatu,VUT,Oceania,0.0,0.1
Nutmeg/Mace/Cardamom,Venezuela (Bolivarian Republic of),VEN,South America,0.0,15.1
Nutmeg/Mace/Cardamom,Viet Nam,VNM,Asia,0.0,1025.9
Nutmeg/Mace/Cardamom,Yemen,YEM,Asia,0.0,2994.9
Nutmeg/Mace/Cardamom,Zambia,ZMB,Africa,0.0,2.1
Nutmeg/Mace/Cardamom,Zimbabwe,ZWE,Africa,0.0,2.5
Pepper,Afghanistan,AFG,Asia,0.0,-133.1
Pepper,Albania,ALB,Europe,0.0,80.9
Pepper,Algeria,DZA,Africa,0.0,1562.2
Pepper,Angola,AGO,Africa,0.0,41.1
Pepper,Antigua and Barbuda,ATG,North America,0.0,69.8
Pepper,Argentina,ARG,South America,0.0,1687.7
Pepper,Armenia,ARM,Asia,0.0,255.5
Pepper,Australia,AUS,Oceania,0.0,3286.0
Pepper,Austria,AUT,Europe,0.0,2087.3
Pepper,Azerbaijan,AZE,Asia,0.0,385.0
Pepper,Bahamas,BHS,North America,0.0,188.6
Pepper,Bahrain,BHR,Asia,0.0,504.3
Pepper,Bangladesh,BGD,Asia,0.0,-307.6
Pepper,Barbados,BRB,North America,0.0,109.7
Pepper,Belarus,BLR,Europe,0.0,16.3
Pepper,Belgium,BEL,Europe,0.0,1012.7
Pepper,Belize,BLZ,North America,0.0,5.5
Pepper,Benin,BEN,Africa,183.2,245.2
Pepper,Bhutan,BTN,Asia,0.0,2.9
Pepper,Bolivia (Plurinational State of),BOL,South America,27.2,132.3
Pepper,Bosnia and Herzegovina,BIH,Europe,0.0,180.2
Pepper,Botswana,BWA,Africa,0.0,43.1
Pepper,Brazil,BRA,South America,126548.0,46718.2
Pepper,Brunei Darussalam,BRN,Asia,28.6,105.4
Pepper,Bulgaria,BGR,Europe,0.0,398.4
Pepper,Burkina Faso,BFA,Africa,73836.2,74013.6
Pepper,Burundi,BDI,Africa,0.0,0.3
Pepper,Cabo Verde,CPV,Africa,0.0,31.4
Pepper,Cambodia,KHM,Asia,2505.1,1649.5
Pepper,Cameroon,CMR,Africa,98.3,152.3
Pepper,Canada,CAN,North America,0.0,7344.3
Pepper,Chad,TCD,Africa,0.0,1.0
Pepper,Chile,CHL,South America,0.0,342.7
Pepper,"China, Hong Kong SAR",HKG,Asia,0.0,766.5
Pepper,"China, Macao SAR",MAC,Asia,222.3,259.3
Pepper,"China, mainland",CHN,Asia,33908.9,39039.4
Pepper,"China, Taiwan Province of",TWN,Asia,0.0,3256.2
Pepper,Colombia,COL,South America,0.0,566.3
Pepper,Comoros,COM,Africa,0.0,12.0
Pepper,Congo,COG,Africa,0.0,37.6
Pepper,Cook Islands,COK,Oceania,0.0,3.0
Pepper,Costa Rica,CRI,North America,1663.7,2110.2
Pepper,Côte d'Ivoire,CIV,Africa,246.4,564.6
Pepper,Croatia,HRV,Europe,0.0,564.8
Pepper,Cuba,CUB,North America,0.0,57.8
Pepper,Cyprus,CYP,Europe,0.0,277.0
Pepper,Czechia,CZE,Europe,0.0,1141.0
Pepper,Democratic People's Republic of Korea,PRK,Asia,0.0,478.2
Pepper,Democratic Republic of the Congo,COD,Africa,0.0,-110.5
Pepper,Denmark,DNK,Europe,0.0,781.4
Pepper,Djibouti,DJI,Africa,0.0,53.6
Pepper,Dominica,DMA,North America,0.0,2.0
Pepper,Dominican Republic,DOM,North America,0.0,1091.1
Pepper,Ecuador,ECU,South America,3457.4,2851.4
Pepper,Egypt,EGY,Africa,0.0,6761.1
Pepper,El Salvador,SLV,North America,0.0,234.8
Pepper,Equatorial Guinea,GNQ,Africa,0.0,3.3
Pepper,Eritrea,ERI,Africa,0.0,0.3
Pepper,Estonia,EST,Europe,0.0,222.1
Pepper,Eswatini,SWZ,Africa,0.0,8.6
Pepper,Ethiopia,ETH,Africa,4462.9,4296.7
Pepper,Faroe Islands,FRO,Europe,0.0,4.2
Pepper,Fiji,FJI,Oceania,117.0,196.2
Pepper,Finland,FIN,Europe,0.0,530.0
Pepper,France,FRA,Europe,0.0,5898.9
Pepper,French Polynesia,PYF,Oceania,74.9,104.7
Pepper,Gabon,GAB,Africa,0.0,44.9
Pepper,Gambia,GMB,Africa,0.0,26.2
Pepper,Georgia,GEO,Asia,0.0,301.2
Pepper,Germany,DEU,Europe,0.0,7556.4
Pepper,Ghana,GHA,Africa,3763.8,5430.6
Pepper,Greece,GRC,Europe,0.0,1245.2
Pepper,Grenada,GRD,North America,187.7,209.0
Pepper,Guatemala,GTM,North America,782.6,141.6
Pepper,Guinea,GIN,Africa,0.0,24.7
Pepper,Guinea-Bissau,GNB,Africa,0.0,0.4
Pepper,Guyana,GUY,South America,343.3,331.8
Pepper,Haiti,HTI,North America,0.0,11.4
Pepper,Honduras,HND,North America,729.3,354.9
Pepper,Hungary,HUN,Europe,0.0,926.1
Pepper,Iceland,ISL,Europe,0.0,62.0
Pepper,India,IND,Asia,65739.6,85273.5
Pepper,Indonesia,IDN,Asia,70169.0,46800.7
Pepper,Iran (Islamic Republic of),IRN,Asia,0.0,2002.0
Pepper,Iraq,IRQ,Asia,48584.6,50684.7
Pepper,Ireland,IRL,Europe,0.0,1258.5
Pepper,Israel,ISR,Asia,0.0,951.2
Pepper,Italy,ITA,Europe,0.0,2738.3
Pepper,Jamaica,JAM,North America,0.0,366.0
Pepper,Japan,JPN,Asia,0.0,9442.8
Pepper,Jordan,JOR,Asia,0.0,965.7
Pepper,Kazakhstan,KAZ,Asia,0.0,1518.6
Pepper,Kenya,KEN,Africa,790.8,-652.4
Pepper,Kiribati,KIR,Oceania,0.0,0.6
Pepper,Kuwait,KWT,Asia,0.0,824.0
Pepper,Kyrgyzstan,KGZ,Asia,198.5,467.3
Pepper,Lao People's Democratic Republic,LAO,Asia,0.0,24.0
Pepper,Latvia,LVA,Europe,0.0,20.1
Pepper,Lebanon,LBN,Asia,0.0,750.1
Pepper,Lesotho,LSO,Africa,0.0,258.5
Pepper,Liberia,LBR,Africa,0.0,76.3
Pepper,Libya,LBY,Africa,0.0,1388.2
Pepper,Lithuania,LTU,Europe,0.0,367.7
Pepper,Luxembourg,LUX,Europe,0.0,51.3
Pepper,Madagascar,MDG,Africa,5016.2,125.3
Pepper,Malawi,MWI,Africa,351.1,146.4
Pepper,Malaysia,MYS,Asia,40675.3,38880.6
Pepper,Maldives,MDV,Asia,0.0,183.7
Pepper,Mali,MLI,Africa,0.0,-72.6
Pepper,Malta,MLT,Europe,0.0,50.7
Pepper,Mauritania,MRT,Africa,0.0,919.5
Pepper,Mauritius,MUS,Africa,0.0,75.3
Pepper,Mexico,MEX,North America,9800.0,14015.0
Pepper,Mongolia,MNG,Asia,0.0,46.0
Pepper,Montenegro,MNE,Europe,0.0,41.5
Pepper,Morocco,MAR,Africa,0.0,7585.1
Pepper,Mozambique,MOZ,Africa,0.0,34.1
Pepper,Myanmar,MMR,Asia,0.0,249.6
Pepper,Namibia,NAM,Africa,470.5,583.3
Pepper,Nauru,NRU,Oceania,0.0,1.3
Pepper,Nepal,NPL,Asia,0.0,319.2
Pepper,Netherlands (Kingdom of the),NLD,Europe,0.0,-510.4
Pepper,New Caledonia,NCL,Oceania,0.0,12.5
Pepper,New Zealand,NZL,Oceania,0.0,747.5
Pepper,Nicaragua,NIC,North America,0.0,107.0
Pepper,Niger,NER,Africa,3686.8,3704.5
Pepper,Nigeria,NGA,Africa,0.0,68.7
Pepper,Niue,NIU,Oceania,0.0,0.3
Pepper,North Macedonia,MKD,Europe,0.0,258.2
Pepper,Norway,NOR,Europe,0.0,525.8
Pepper,Oman,OMN,Asia,0.0,699.6
Pepper,Pakistan,PAK,Asia,0.0,13056.1
Pepper,Palestine,PSE,Asia,0.0,12.8
Pepper,Panama,PAN,North America,0.0,288.8
Pepper,Papua New Guinea,PNG,Oceania,0.0,14.2
Pepper,Paraguay,PRY,South America,0.0,96.5
Pepper,Peru,PER,South America,404.6,1598.9
Pepper,Philippines,PHL,Asia,889.9,7285.4
Pepper,Poland,POL,Europe,0.0,4742.7
Pepper,Portugal,PRT,Europe,0.0,682.2
Pepper,Qatar,QAT,Asia,0.0,655.2
Pepper,Republic of Korea,KOR,Asia,0.0,587.4
Pepper,Republic of Moldova,MDA,Europe,0.0,103.8
Pepper,Romania,ROU,Europe,0.0,1525.8
Pepper,Russian Federation,RUS,Europe,0.0,1227.2
Pepper,Rwanda,RWA,Africa,2820.1,2825.2
Pepper,Saint Kitts and Nevis,KNA,North America,0.0,0.2
Pepper,Saint Lucia,LCA,North America,11.0,2.3
Pepper,Saint Vincent and the Grenadines,VCT,North America,0.0,-16.9
Pepper,Samoa,WSM,Oceania,11.3,16.7
Pepper,Sao Tome and Principe,STP,Africa,0.0,1.2
Pepper,Saudi Arabia,SAU,Asia,0.0,7446.1
Pepper,Senegal,SEN,Africa,0.0,1213.4
Pepper,Serbia,SRB,Europe,0.0,264.9
Pepper,Seychelles,SYC,Africa,0.0,62.2
Pepper,Sierra Leone,SLE,Africa,0.0,0.5
Pepper,Singapore,SGP,Asia,0.0,1069.0
Pepper,Slovakia,SVK,Europe,0.0,148.6
Pepper,Slovenia,SVN,Europe,0.0,202.6
Pepper,Solomon Islands,SLB,Oceania,0.0,1.5
Pepper,Somalia,SOM,Africa,0.0,546.5
Pepper,South Africa,ZAF,Africa,0.0,2125.4
Pepper,South Sudan,SSD,Africa,0.0,92.9
Pepper,Spain,ESP,Europe,0.0,1597.3
Pepper,Sri Lanka,LKA,Asia,45166.0,30939.5
Pepper,Sudan,SDN,Africa,0.0,535.3
Pepper,Suriname,SUR,South America,0.0,24.2
Pepper,Sweden,SWE,Europe,0.0,1333.8
Pepper,Switzerland,CHE,Europe,0.0,800.8
Pepper,Syrian Arab Republic,SYR,Asia,0.0,261.2
Pepper,Tajikistan,TJK,Asia,23273.4,23485.2
Pepper,Thailand,THA,Asia,392.0,5980.0
Pepper,Timor-Leste,TLS,Asia,0.0,41.7
Pepper,Togo,TGO,Africa,0.0,705.5
Pepper,Tonga,TON,Oceania,0.0,0.3
Pepper,Trinidad and Tobago,TTO,North America,0.0,133.9
Pepper,Tunisia,TUN,Africa,0.0,308.2
Pepper,Türkiye,TUR,Asia,0.0,7051.3
Pepper,Turkmenistan,TKM,Asia,0.0,179.7
Pepper,Tuvalu,TUV,Oceania,0.0,0.0
Pepper,Uganda,UGA,Africa,2201.8,2104.8
Pepper,Ukraine,UKR,Europe,0.0,2361.3
Pepper,United Arab Emirates,ARE,Asia,0.0,266.8
Pepper,United Kingdom of Great Britain and Northern Ireland,GBR,Europe,0.0,10012.5
Pepper,United Republic of Tanzania,TZA,Africa,438.1,72.9
Pepper,United States of America,USA,North America,0.0,60325.5
Pepper,Uruguay,URY,South America,0.0,125.5
Pepper,Uzbekistan,UZB,Asia,210.0,1182.2
Pepper,Vanuatu,VUT,Oceania,1.7,4.3
Pepper,Venezuela (Bolivarian Republic of),VEN,South America,0.0,121.7
Pepper,Viet Nam,VNM,Asia,257427.1,107473.9
Pepper,Yemen,YEM,Asia,0.0,2844.3
Pepper,Zambia,ZMB,Africa,65.3,-1518.7
Pepper,Zimbabwe,ZWE,Africa,23123.5,22517.5
Vanilla,Afghanistan,AFG,Asia,0.0,0.5
Vanilla,Albania,ALB,Europe,0.0,0.1
Vanilla,Algeria,DZA,Africa,0.0,-7.8
Vanilla,Angola,AGO,Africa,0.0,2.8
Vanilla,Antigua and Barbuda,ATG,North America,0.0,1.9
Vanilla,Argentina,ARG,South America,0.0,0.8
Vanilla,Armenia,ARM,Asia,0.0,4.5
Vanilla,Australia,AUS,Oceania,0.0,-1.0
Vanilla,Austria,AUT,Europe,0.0,24.3
Vanilla,Azerbaijan,AZE,Asia,0.0,12.3
Vanilla,Bahamas,BHS,North America,0.0,13.0
Vanilla,Bahrain,BHR,Asia,0.0,6.2
Vanilla,Bangladesh,BGD,Asia,0.0,0.1
Vanilla,Barbados,BRB,North America,0.0,6.1
Vanilla,Belarus,BLR,Europe,0.0,0.0
Vanilla,Belgium,BEL,Europe,0.0,101.5
Vanilla,Belize,BLZ,North America,0.0,0.0
Vanilla,Benin,BEN,Africa,0.0,0.3
Vanilla,Bolivia (Plurinational State of),BOL,South America,0.0,0.0
Vanilla,Bosnia and Herzegovina,BIH,Europe,0.0,0.1
Vanilla,Botswana,BWA,Africa,0.0,0.1
Vanilla,Brazil,BRA,South America,0.0,1.9
Vanilla,Brunei Darussalam,BRN,Asia,0.0,16.9
Vanilla,Bulgaria,BGR,Europe,0.0,3.0
Vanilla,Burkina Faso,BFA,Africa,0.0,0.2
Vanilla,Cabo Verde,CPV,Africa,0.0,0.1
Vanilla,Cambodia,KHM,Asia,0.0,0.4
Vanilla,Cameroon,CMR,Africa,0.0,6.0
Vanilla,Canada,CAN,North America,0.0,9.9
Vanilla,Chad,TCD,Africa,0.0,0.0
Vanilla,Chile,CHL,South America,0.0,2.2
Vanilla,"China, Hong Kong SAR",HKG,Asia,0.0,1.9
Vanilla,"China, Macao SAR",MAC,Asia,0.0,3.1
Vanilla,"China, mainland",CHN,Asia,434.4,463.6
Vanilla,"China, Taiwan Province of",TWN,Asia,0.0,-0.1
Vanilla,Colombia,COL,South America,0.0,0.1
Vanilla,Comoros,COM,Africa,219.4,195.9
Vanilla,Congo,COG,Africa,0.0,0.0
Vanilla,Cook Islands,COK,Oceania,0.0,0.1
Vanilla,Costa Rica,CRI,North America,0.0,-0.4
Vanilla,Côte d'Ivoire,CIV,Africa,0.0,-4.0
Vanilla,Croatia,HRV,Europe,0.0,1.6
Vanilla,Cuba,CUB,North America,0.0,2.3
Vanilla,Cyprus,CYP,Europe,0.0,13.2
Vanilla,Czechia,CZE,Europe,0.0,-9.4
Vanilla,Democratic Republic of the Congo,COD,Africa,0.0,18.8
Vanilla,Denmark,DNK,Europe,0.0,95.9
Vanilla,Djibouti,DJI,Africa,0.0,0.1
Vanilla,Dominica,DMA,North America,0.0,0.0
Vanilla,Dominican Republic,DOM,North America,0.0,-195.4
Vanilla,Egypt,EGY,Africa,0.0,0.0
Vanilla,El Salvador,SLV,North America,0.0,0.0
Vanilla,Equatorial Guinea,GNQ,Africa,0.0,0.4
Vanilla,Estonia,EST,Europe,0.0,1.9
Vanilla,Eswatini,SWZ,Africa,0.0,0.5
Vanilla,Ethiopia,ETH,Africa,0.0,0.1
Vanilla,Faroe Islands,FRO,Europe,0.0,1.8
Vanilla,Fiji,FJI,Oceania,0.0,1.8
Vanilla,Finland,FIN,Europe,0.0,5.2
Vanilla,France,FRA,Europe,0.0,488.2
Vanilla,French Polynesia,PYF,Oceania,7.8,-2.5
Vanilla,Gabon,GAB,Africa,0.0,8.0
Vanilla,Georgia,GEO,Asia,0.0,3.2
Vanilla,Germany,DEU,Europe,0.0,205.8
Vanilla,Ghana,GHA,Africa,0.0,1.1
Vanilla,Greece,GRC,Europe,0.0,1.9
Vanilla,Grenada,GRD,North America,0.0,0.2
Vanilla,Guatemala,GTM,North America,0.0,1.6
Vanilla,Guinea,GIN,Africa,0.0,0.1
Vanilla,Haiti,HTI,North America,0.0,4.2
Vanilla,Honduras,HND,North America,0.0,0.1
Vanilla,Hungary,HUN,Europe,0.0,3.5
Vanilla,Iceland,ISL,Europe,0.0,1.3
Vanilla,India,IND,Asia,0.0,25.4
Vanilla,Indonesia,IDN,Asia,1832.8,1739.3
Vanilla,Iran (Islamic Republic of),IRN,Asia,0.0,-0.4
Vanilla,Iraq,IRQ,Asia,0.0,2.2
Vanilla,Ireland,IRL,Europe,0.0,9.6
Vanilla,Israel,ISR,Asia,0.0,-24.3
Vanilla,Italy,ITA,Europe,0.0,120.6
Vanilla,Jamaica,JAM,North America,0.0,-5.7
Vanilla,Japan,JPN,Asia,0.0,50.8
Vanilla,Jordan,JOR,Asia,0.0,-23.8
Vanilla,Kazakhstan,KAZ,Asia,0.0,5.1
Vanilla,Kenya,KEN,Africa,15.4,14.2
Vanilla,Kiribati,KIR,Oceania,0.0,6.3
Vanilla,Kuwait,KWT,Asia,0.0,100.7
Vanilla,Kyrgyzstan,KGZ,Asia,0.0,1.4
Vanilla,Lao People's Democratic Republic,LAO,Asia,0.0,0.5
Vanilla,Latvia,LVA,Europe,0.0,2.1
Vanilla,Lebanon,LBN,Asia,0.0,55.3
Vanilla,Lesotho,LSO,Africa,0.0,0.0
Vanilla,Liberia,LBR,Africa,0.0,0.4
Vanilla,Libya,LBY,Africa,0.0,0.1
Vanilla,Lithuania,LTU,Europe,0.0,1.0
Vanilla,Luxembourg,LUX,Europe,0.0,3.9
Vanilla,Madagascar,MDG,Africa,3113.6,1750.2
Vanilla,Malawi,MWI,Africa,19.9,22.5
Vanilla,Malaysia,MYS,Asia,0.0,6.4
Vanilla,Malta,MLT,Europe,0.0,0.6
Vanilla,Mauritius,MUS,Africa,0.0,58.1
Vanilla,Mongolia,MNG,Asia,0.0,0.0
Vanilla,Montenegro,MNE,Europe,0.0,0.1
Vanilla,Morocco,MAR,Africa,0.0,2.2
Vanilla,Mozambique,MOZ,Africa,0.0,3.8
Vanilla,Namibia,NAM,Africa,0.0,-6.9
Vanilla,Nepal,NPL,Asia,0.0,0.0
Vanilla,Netherlands (Kingdom of the),NLD,Europe,0.0,42.0
Vanilla,New Caledonia,NCL,Oceania,0.0,-0.3
Vanilla,New Zealand,NZL,Oceania,0.0,-18.8
Vanilla,Niger,NER,Africa,0.0,16.7
Vanilla,Nigeria,NGA,Africa,0.0,-14.8
Vanilla,North Macedonia,MKD,Europe,0.0,0.0
Vanilla,Norway,NOR,Europe,0.0,5.3
Vanilla,Oman,OMN,Asia,0.0,41.4
Vanilla,Palestine,PSE,Asia,0.0,0.0
Vanilla,Papua New Guinea,PNG,Oceania,491.3,356.7
Vanilla,Paraguay,PRY,South America,0.0,0.0
Vanilla,Peru,PER,South America,0.0,-1.4
Vanilla,Philippines,PHL,Asia,0.0,18.5
Vanilla,Poland,POL,Europe,0.0,23.3
Vanilla,Portugal,PRT,Europe,0.0,7.3
Vanilla,Qatar,QAT,Asia,0.0,11.3
Vanilla,Republic of Korea,KOR,Asia,0.0,21.4
Vanilla,Republic of Moldova,MDA,Europe,0.0,0.2
Vanilla,Romania,ROU,Europe,0.0,17.8
Vanilla,Russian Federation,RUS,Europe,0.0,4.1
Vanilla,Rwanda,RWA,Africa,0.0,0.6
Vanilla,Saint Lucia,LCA,North America,0.0,0.1
Vanilla,Saint Vincent and the Grenadines,VCT,North America,0.0,0.0
Vanilla,Samoa,WSM,Oceania,0.0,0.0
Vanilla,Sao Tome and Principe,STP,Africa,0.0,-0.7
Vanilla,Saudi Arabia,SAU,Asia,0.0,-206.7
Vanilla,Senegal,SEN,Africa,0.0,0.1
Vanilla,Serbia,SRB,Europe,0.0,0.3
Vanilla,Seychelles,SYC,Africa,0.0,1.6
Vanilla,Sierra Leone,SLE,Africa,0.0,0.0
Vanilla,Singapore,SGP,Asia,0.0,18.9
Vanilla,Slovakia,SVK,Europe,0.0,2.0
Vanilla,Slovenia,SVN,Europe,0.0,3.7
Vanilla,Somalia,SOM,Africa,0.0,0.2
Vanilla,South Africa,ZAF,Africa,0.0,-5.0
Vanilla,Spain,ESP,Europe,0.0,-69.3
Vanilla,Sri Lanka,LKA,Asia,0.0,-5.0
Vanilla,Sudan,SDN,Africa,0.0,32.5
Vanilla,Sweden,SWE,Europe,0.0,57.5
Vanilla,Switzerland,CHE,Europe,0.0,48.1
Vanilla,Syrian Arab Republic,SYR,Asia,0.0,552.6
Vanilla,Tajikistan,TJK,Asia,0.0,1.5
Vanilla,Thailand,THA,Asia,0.0,-109.3
Vanilla,Timor-Leste,TLS,Asia,0.0,-7.5
Vanilla,Tonga,TON,Oceania,196.0,195.5
Vanilla,Trinidad and Tobago,TTO,North America,0.0,1.3
Vanilla,Tunisia,TUN,Africa,0.0,4.7
Vanilla,Türkiye,TUR,Asia,396.6,-194.9
Vanilla,Turkmenistan,TKM,Asia,0.0,0.4
Vanilla,Uganda,UGA,Africa,184.5,-186.0
Vanilla,Ukraine,UKR,Europe,0.0,0.1
Vanilla,United Arab Emirates,ARE,Asia,0.0,157.4
Vanilla,United Kingdom of Great Britain and Northern Ireland,GBR,Europe,0.0,20.8
Vanilla,United Republic of Tanzania,TZA,Africa,0.0,-0.6
Vanilla,United States of America,USA,North America,0.0,949.7
Vanilla,Uruguay,URY,South America,0.0,0.1
Vanilla,Uzbekistan,UZB,Asia,0.0,0.1
Vanilla,Viet Nam,VNM,Asia,0.0,-1.9
Vanilla,Yemen,YEM,Asia,0.0,0.5
Vanilla,Zimbabwe,ZWE,Africa,9.9,10.0
